"competition_name","category_name"
"Dominican Republic F2 Men Singles","ITF Men"
"Dominican Republic F2 Men Doubles","ITF Men"
"ITF Men Stuttgart-Stammheim, Germany Men Singles","ITF Men"
"ITF Men Stuttgart-Stammheim, Germany Men Doubles","ITF Men"
"ITF Men Cherkassy, Ukraine Men Singles","ITF Men"
"ITF Men Cherkassy, Ukraine Men Doubles","ITF Men"
"Great Britain F4 Men Singles","ITF Men"
"Great Britain F4 Men Doubles","ITF Men"
"ITF Men Vrsar, Croatia Men Singles","ITF Men"
"ITF Men Vrsar, Croatia Men Doubles","ITF Men"
"ITF Men Bytom, Poland Men Singles","ITF Men"
"ITF Men Bytom, Poland Men Doubles","ITF Men"
"ITF Men Frinton, Great Britain Men Singles","ITF Men"
"ITF Men Frinton, Great Britain Men Doubles","ITF Men"
"ITF Men Izmir, Turkey Men Singles","ITF Men"
"ITF Men Izmir, Turkey Men Doubles","ITF Men"
"ITF Men Vierumaki, Finland Men Singles","ITF Men"
"ITF Men Vierumaki, Finland Men Doubles","ITF Men"
"USA F24 Men Singles","ITF Men"
"USA F24 Men Doubles","ITF Men"
"ITF Men Leimen, Germany Men Singles","ITF Men"
"ITF Men Leimen, Germany Men Doubles","ITF Men"
"Turkiye F26 Men Singles","ITF Men"
"Turkiye F26 Men Doubles","ITF Men"
"ITF Men Solin, Croatia Men Singles","ITF Men"
"ITF Men Solin, Croatia Men Doubles","ITF Men"
"ITF Men Mansfield, USA Men Singles","ITF Men"
"ITF Men Mansfield, USA Men Doubles","ITF Men"
"ITF Spain F39 Men Singles","ITF Men"
"ITF Spain F39 Men Doubles","ITF Men"
"ITF Men Temuco, Chile Men Singles","ITF Men"
"ITF Men Temuco, Chile Men Doubles","ITF Men"
"ITF Men Osorno, Chile Men Singles","ITF Men"
"ITF Men Osorno, Chile Men Doubles","ITF Men"
"ITF Men Astana, Kazakhstan Men Singles","ITF Men"
"ITF Men Astana, Kazakhstan Men Doubles","ITF Men"
"ITF Men Wirral, Great Britain Men Singles","ITF Men"
"ITF Men Wirral, Great Britain Men Doubles","ITF Men"
"ITF Men Feucherolles, France Men Singles","ITF Men"
"ITF Men Feucherolles, France Men Doubles","ITF Men"
"ITF Men Guatemala City, Guatemala Men Singles","ITF Men"
"ITF Men Guatemala City, Guatemala Men Doubles","ITF Men"
"ITF Men Yuxi, China Men Singles","ITF Men"
"ITF Men Yuxi, China Men Doubles","ITF Men"
"ITF Men Itajai, Brazil Men Singles","ITF Men"
"ITF Men Itajai, Brazil Men Doubles","ITF Men"
"ITF Men Bath, Great Britain Men Singles","ITF Men"
"ITF Men Bath, Great Britain Men Doubles","ITF Men"
"ITF Men Saint-Raphael, France Men Singles","ITF Men"
"ITF Men Saint-Raphael, France Men Doubles","ITF Men"
"ITF Men Heraklion, Greece Men Singles","ITF Men"
"ITF Men Heraklion, Greece Men Doubles","ITF Men"
"ITF Men Kaohsiung, Chinese Taipei Men Singles","ITF Men"
"ITF Men Kaohsiung, Chinese Taipei Men Doubles","ITF Men"
"ITF Men Cordoba, Mexico Men Singles","ITF Men"
"ITF Men Cordoba, Mexico Men Doubles","ITF Men"
"ITF Men Madurai, India Men Singles","ITF Men"
"ITF Men Madurai, India Men Doubles","ITF Men"
"ITF Men Chennai, India Men Singles","ITF Men"
"ITF Men Chennai, India Men Doubles","ITF Men"
"ITF Men Villa Allende, Argentina Men Singles","ITF Men"
"ITF Men Villa Allende, Argentina Men Doubles","ITF Men"
"ITF Men Bangkok, Thailand Men Singles","ITF Men"
"ITF Men Bangkok, Thailand Men Doubles","ITF Men"
"ITF Men Mersin, Turkey Men Singles","ITF Men"
"ITF Men Mersin, Turkey Men Doubles","ITF Men"
"ITF Men Mandya, India Men Singles","ITF Men"
"ITF Men Mandya, India Men Doubles","ITF Men"
"ITF Men Rabat, Morocco Men Singles","ITF Men"
"ITF Men Rabat, Morocco Men Doubles","ITF Men"
"ITF Men Mysore, India Men Singles","ITF Men"
"ITF Men Mysore, India Men Doubles","ITF Men"
"ITF Men Maribor, Slovenia Men Singles","ITF Men"
"ITF Men Maribor, Slovenia Men Doubles","ITF Men"
"ITF Men Sapporo, Japan Men Singles","ITF Men"
"ITF Men Sapporo, Japan Men Doubles","ITF Men"
"ITF Men Coimbatore, India Men Singles","ITF Men"
"ITF Men Coimbatore, India Men Doubles","ITF Men"
"ITF Men Modena, Italy Men Singles","ITF Men"
"ITF Men Modena, Italy Men Doubles","ITF Men"
"ITF Men Felixstowe, Great Britain Men Singles","ITF Men"
"ITF Men Felixstowe, Great Britain Men Doubles","ITF Men"
"ITF Men Ostend, Belgium Men Singles","ITF Men"
"ITF Men Ostend, Belgium Men Doubles","ITF Men"
"ITF Men Friedberg, Germany Men Singles","ITF Men"
"ITF Men Friedberg, Germany Men Doubles","ITF Men"
"ITF Men Poertschach, Austria Men Singles","ITF Men"
"ITF Men Poertschach, Austria Men Doubles","ITF Men"
"ITF Men Winnipeg, Canada Men Singles","ITF Men"
"ITF Men Winnipeg, Canada Men Doubles","ITF Men"
"ITF Men Medellin, Colombia Men Singles","ITF Men"
"ITF Men Medellin, Colombia Men Doubles","ITF Men"
"ITF Men Kenn, Germany Men Singles","ITF Men"
"ITF Men Kenn, Germany Men Doubles","ITF Men"
"ITF Men St. Poelten, Austria Men Singles","ITF Men"
"ITF Men St. Poelten, Austria Men Doubles","ITF Men"
"ITF Men Alice Springs, Australia Men Singles","ITF Men"
"ITF Men Alice Springs, Australia Men Doubles","ITF Men"
"ITF Men La Rioja, Argentina Men Singles","ITF Men"
"ITF Men La Rioja, Argentina Men Doubles","ITF Men"
"ITF Men Manzanillo, Mexico Men Singles","ITF Men"
"ITF Men Manzanillo, Mexico Men Doubles","ITF Men"
"ITF Men Danderyd-Stockholm, Sweden Men Singles","ITF Men"
"ITF Men Danderyd-Stockholm, Sweden Men Doubles","ITF Men"
"ITF Men Costa Mesa, USA Men Singles","ITF Men"
"ITF Men Costa Mesa, USA Men Doubles","ITF Men"
"ITF Men Markham, Canada Men Singles","ITF Men"
"ITF Men Markham, Canada Men Doubles","ITF Men"
"ITF Men Hambach, Germany Men Singles","ITF Men"
"ITF Men Hambach, Germany Men Doubles","ITF Men"
"ITF Men Belem, Brazil Men Singles","ITF Men"
"ITF Men Belem, Brazil Men Doubles","ITF Men"
"ITF Men Irvine, USA Men Singles","ITF Men"
"ITF Men Irvine, USA Men Doubles","ITF Men"
"ITF Men Villavicencio, Colombia Men Singles","ITF Men"
"ITF Men Villavicencio, Colombia Men Doubles","ITF Men"
"ITF Men Annaba, Algeria Men Singles","ITF Men"
"ITF Men Annaba, Algeria Men Doubles","ITF Men"
"ITF Men Mumbai, India Men Singles","ITF Men"
"ITF Men Mumbai, India Men Doubles","ITF Men"
"ITF Men Santa Maria, Brazil Men Singles","ITF Men"
"ITF Men Santa Maria, Brazil Men Doubles","ITF Men"
"ITF Men Phnom Penh, Cambodia Men Singles","ITF Men"
"ITF Men Phnom Penh, Cambodia Men Doubles","ITF Men"
"ITF Men Porto Alegre, Brazil Men Singles","ITF Men"
"ITF Men Porto Alegre, Brazil Men Doubles","ITF Men"
"ITF Men Pereira, Colombia Men Singles","ITF Men"
"ITF Men Pereira, Colombia Men Doubles","ITF Men"
"ITF Men Bogota, Colombia Men Singles","ITF Men"
"ITF Men Bogota, Colombia Men Doubles","ITF Men"
"ITF Men Nishi Tama, Japan Men Singles","ITF Men"
"ITF Men Taverne, Switzerland Men Singles","ITF Men"
"ITF Men Taverne, Switzerland Men Doubles","ITF Men"
"ITF Men Sharm El Sheikh, Egypt Men Singles","ITF Men"
"ITF Men Sharm El Sheikh, Egypt Men Doubles","ITF Men"
"ITF Men Maracay, Venezuela Men Singles","ITF Men"
"ITF Men Maracay, Venezuela Men Doubles","ITF Men"
"ITF Men Maracaibo, Venezuela Men Singles","ITF Men"
"ITF Men Maracaibo, Venezuela Men Doubles","ITF Men"
"ITF Men Putian, China Men Singles","ITF Men"
"ITF Men Putian, China Men Doubles","ITF Men"
"ITF Men Coimbra, Portugal Men Singles","ITF Men"
"ITF Men Coimbra, Portugal Men Doubles","ITF Men"
"ITF Men Litija, Slovenia Men Singles","ITF Men"
"ITF Men Litija, Slovenia Men Doubles","ITF Men"
"ITF Men Stara Zagora, Bulgaria Men Singles","ITF Men"
"ITF Men Stara Zagora, Bulgaria Men Doubles","ITF Men"
"ITF Men Sibiu, Romania Men Singles","ITF Men"
"ITF Men Sibiu, Romania Men Doubles","ITF Men"
"ITF Men Busto Arsizio, Italy Men Singles","ITF Men"
"ITF Men Busto Arsizio, Italy Men Doubles","ITF Men"
"ITF Men Sabac, Serbia Men Singles","ITF Men"
"ITF Men Sabac, Serbia Men Doubles","ITF Men"
"ITF Men Seefeld, Austria Men Singles","ITF Men"
"ITF Men Seefeld, Austria Men Doubles","ITF Men"
"ITF Men Focsani, Romania Men Singles","ITF Men"
"ITF Men Focsani, Romania Men Doubles","ITF Men"
"ITF Men Tallinn, Estonia Men Singles","ITF Men"
"ITF Men Tallinn, Estonia Men Doubles","ITF Men"
"ITF Men Misiones, Argentina Men Singles","ITF Men"
"ITF Men Misiones, Argentina Men Doubles","ITF Men"
"ITF Men Sleza, Poland Men Singles","ITF Men"
"ITF Men Sleza, Poland Men Doubles","ITF Men"
"ITF Men Bejar, Spain Men Singles","ITF Men"
"ITF Men Bejar, Spain Men Doubles","ITF Men"
"ITF Men Geneva, Switzerland Men Singles","ITF Men"
"ITF Men Geneva, Switzerland Men Doubles","ITF Men"
"ITF Men Medias, Romania Men Singles","ITF Men"
"ITF Men Medias, Romania Men Doubles","ITF Men"
"ITF Men Este, Italy Men Singles","ITF Men"
"ITF Men Este, Italy Men Doubles","ITF Men"
"ITF Men Jupille-Sur-Meuse, Belgium Men Singles","ITF Men"
"ITF Men Jupille-Sur-Meuse, Belgium Men Doubles","ITF Men"
"ITF Men Libreville, Gabon Men Singles","ITF Men"
"ITF Men Libreville, Gabon Men Doubles","ITF Men"
"ITF Men Campos Do Jordao, Brazil Men Singles","ITF Men"
"ITF Men Campos Do Jordao, Brazil Men Doubles","ITF Men"
"ITF Men Manizales, Colombia Men Singles","ITF Men"
"ITF Men Manizales, Colombia Men Doubles","ITF Men"
"ITF Men Damme, Belgium Men Singles","ITF Men"
"ITF Men Damme, Belgium Men Doubles","ITF Men"
"ITF Men Lausanne, Switzerland Men Singles","ITF Men"
"ITF Men Lausanne, Switzerland Men Doubles","ITF Men"
"ITF Men Quito, Ecuador Men Singles","ITF Men"
"ITF Men Quito, Ecuador Men Doubles","ITF Men"
"ITF Men Nis, Serbia Men Singles","ITF Men"
"ITF Men Nis, Serbia Men Doubles","ITF Men"
"ITF Men Sokobanja, Serbia Men Singles","ITF Men"
"ITF Men Sokobanja, Serbia Men Doubles","ITF Men"
"ITF Men Cochabamba, Bolivia Men Singles","ITF Men"
"ITF Men Cochabamba, Bolivia Men Doubles","ITF Men"
"ITF Men Sant Cugat, Spain Men Singles","ITF Men"
"ITF Men Sant Cugat, Spain Men Doubles","ITF Men"
"ITF Men Nicosia, Cyprus Men Singles","ITF Men"
"ITF Men Nicosia, Cyprus Men Doubles","ITF Men"
"ITF Men Popayan, Colombia Men Singles","ITF Men"
"ITF Men Popayan, Colombia Men Doubles","ITF Men"
"ITF Men Bol, Croatia Men Singles","ITF Men"
"ITF Men Bol, Croatia Men Doubles","ITF Men"
"ITF Men Raipur, India Men Singles","ITF Men"
"ITF Men Raipur, India Men Doubles","ITF Men"
"ITF Men Larnaca, Cyprus Men Singles","ITF Men"
"ITF Men Larnaca, Cyprus Men Doubles","ITF Men"
"ITF Men Kish, Iran Men Singles","ITF Men"
"ITF Men Kish, Iran Men Doubles","ITF Men"
"ITF Men Bhimavaram, India Men Singles","ITF Men"
"ITF Men Bhimavaram, India Men Doubles","ITF Men"
"ITF Men Manila, Philippines Men Singles","ITF Men"
"ITF Men Manila, Philippines Men Doubles","ITF Men"
"ITF Men Melbourne, Australia Men Singles","ITF Men"
"ITF Men Melbourne, Australia Men Doubles","ITF Men"
"ITF Men Oran, Algeria Men Singles","ITF Men"
"ITF Men Oran, Algeria Men Doubles","ITF Men"
"ITF Men Algiers, Algeria Men Singles","ITF Men"
"ITF Men Algiers, Algeria Men Doubles","ITF Men"
"ITF Men Karshi, Uzbekistan Men Doubles","ITF Men"
"ITF Men Queretaro, Mexico Men Singles","ITF Men"
"ITF Men Queretaro, Mexico Men Doubles","ITF Men"
"ITF Men Galati, Romania Men Singles","ITF Men"
"ITF Men Galati, Romania Men Doubles","ITF Men"
"ITF Men Chaco, Argentina Men Singles","ITF Men"
"ITF Men Chaco, Argentina Men Doubles","ITF Men"
"ITF Men Tehran, Iran Men Singles","ITF Men"
"ITF Men Tehran, Iran Men Doubles","ITF Men"
"ITF Men Vsevolozhsk, Russia Men Singles","ITF Men"
"ITF Men Vsevolozhsk, Russia Men Doubles","ITF Men"
"ITF Men Wollongong, Australia Men Singles","ITF Men"
"ITF Men Wollongong, Australia Men Doubles","ITF Men"
"ITF Men Gwalior, India Men Singles","ITF Men"
"ITF Men Gwalior, India Men Doubles","ITF Men"
"ITF Men Santiago de los Caballeros, Dominican Republic Men Singles","ITF Men"
"ITF Men Santiago de los Caballeros, Dominican Republic Men Doubles","ITF Men"
"ITF Men Jassowal, India Men Singles","ITF Men"
"ITF Men Jassowal, India Men Doubles","ITF Men"
"ITF Men Sarajevo, Bosnia/Herzegovina Men Singles","ITF Men"
"ITF Men Sarajevo, Bosnia/Herzegovina Men Doubles","ITF Men"
"ITF Men Erzurum, Turkey Men Singles","ITF Men"
"ITF Men Erzurum, Turkey Men Doubles","ITF Men"
"ITF Men Duino Aurisina, Italy Men Singles","ITF Men"
"ITF Men Duino Aurisina, Italy Men Doubles","ITF Men"
"ITF Israel F14, Men Singles","ITF Men"
"ITF Israel F14, Men Doubles","ITF Men"
"ITF Men Middelkerke, Belgium Men Singles","ITF Men"
"ITF Men Middelkerke, Belgium Men Doubles","ITF Men"
"ITF Men Rancagua, Chile Men Singles","ITF Men"
"ITF Men Rancagua, Chile Men Doubles","ITF Men"
"ITF Men Ismaning, Germany Men Singles","ITF Men"
"ITF Men Ismaning, Germany Men Doubles","ITF Men"
"ITF Men Valledupar, Colombia Men Singles","ITF Men"
"ITF Men Valledupar, Colombia Men Doubles","ITF Men"
"ITF Men Margarita Island, Venezuela Men Singles","ITF Men"
"ITF Men Margarita Island, Venezuela Men Doubles","ITF Men"
"ITF Men La Libertad, El Salvador Men Singles","ITF Men"
"ITF Men La Libertad, El Salvador Men Doubles","ITF Men"
"ITF Men Limassol, Cyprus Men Singles","ITF Men"
"ITF Men Limassol, Cyprus Men Doubles","ITF Men"
"ITF Men San Pedro Sula, Honduras Men Singles","ITF Men"
"ITF Men San Pedro Sula, Honduras Men Doubles","ITF Men"
"ITF Men Santo Domingo Este, Dominican Republic Men Singles","ITF Men"
"ITF Men Santo Domingo Este, Dominican Republic Men Doubles","ITF Men"
"ITF Men Puerto Montt, Chile Men Singles","ITF Men"
"ITF Men Puerto Montt, Chile Men Doubles","ITF Men"
"ITF Men Baku, Azerbaijan Men Singles","ITF Men"
"ITF Men Baku, Azerbaijan Men Doubles","ITF Men"
"ITF Switzerland F1, Men Doubles","ITF Men"
"ITF Italy F3, Men Singles","ITF Men"
"ITF Italy F3, Men Doubles","ITF Men"
"ITF Morocco F5, Men Singles","ITF Men"
"ITF Morocco F5, Men Doubles","ITF Men"
"ITF France F7, Men Singles","ITF Men"
"ITF France F7, Men Doubles","ITF Men"
"ITF Croatia F4, Men Singles","ITF Men"
"ITF Croatia F4, Men Doubles","ITF Men"
"ITF Sweden F5, Men Singles","ITF Men"
"ITF Sweden F5, Men Doubles","ITF Men"
"ITF Mozambique F1, Men Singles","ITF Men"
"ITF Mozambique F1, Men Doubles","ITF Men"
"ITF USA F12, Men Singles","ITF Men"
"ITF USA F12, Men Doubles","ITF Men"
"ITF Brazil F9, Men Singles","ITF Men"
"ITF Brazil F9, Men Doubles","ITF Men"
"ITF Mexico F22, Men Singles","ITF Men"
"ITF Mexico F22, Men Doubles","ITF Men"
"ITF Portugal F8, Men Singles","ITF Men"
"ITF Portugal F8, Men Doubles","ITF Men"
"ITF Bulgaria F1, Men Singles","ITF Men"
"ITF Bulgaria F1, Men Doubles","ITF Men"
"ITF Italy F14, Men Singles","ITF Men"
"ITF Italy F14, Men Doubles","ITF Men"
"ITF Portugal F9, Men Singles","ITF Men"
"ITF Portugal F9, Men Doubles","ITF Men"
"ITF Men Ruse, Bulgaria Men Singles","ITF Men"
"ITF Men Ruse, Bulgaria Men Doubles","ITF Men"
"ITF Israel F10, Men Singles","ITF Men"
"ITF Israel F10, Men Doubles","ITF Men"
"ITF Japan F7, Men Singles","ITF Men"
"ITF Japan F7, Men Doubles","ITF Men"
"ITF Romania F5, Men Singles","ITF Men"
"ITF Romania F5, Men Doubles","ITF Men"
"ITF Spain F16, Men Singles","ITF Men"
"ITF Spain F16, Men Doubles","ITF Men"
"ITF Poland F3, Men Singles","ITF Men"
"ITF Poland F3, Men Doubles","ITF Men"
"ITF Men Buzau, Romania Men Singles","ITF Men"
"ITF Men Buzau, Romania Men Doubles","ITF Men"
"ITF Poland F4, Men Singles","ITF Men"
"ITF Poland F4, Men Doubles","ITF Men"
"ITF Turkiye F25, Men Singles","ITF Men"
"ITF Turkiye F25, Men Doubles","ITF Men"
"ITF Men Skopje, FYR Macedonia Men Singles","ITF Men"
"ITF Men Skopje, FYR Macedonia Men Doubles","ITF Men"
"ITF Korea F2, Men Singles","ITF Men"
"ITF Korea F2, Men Doubles","ITF Men"
"ITF Germany F4, Men Singles","ITF Men"
"ITF Germany F4, Men Doubles","ITF Men"
"ITF Brazil F5, Men Singles","ITF Men"
"ITF Brazil F5, Men Doubles","ITF Men"
"ITF Italy F20, Men Singles","ITF Men"
"ITF Italy F20, Men Doubles","ITF Men"
"ITF Germany F5, Men Singles","ITF Men"
"ITF Germany F5, Men Doubles","ITF Men"
"ITF Men Piracicaba, Brazil Men Singles","ITF Men"
"ITF Men Piracicaba, Brazil Men Doubles","ITF Men"
"ITF Italy F21, Men Singles","ITF Men"
"ITF Italy F21, Men Doubles","ITF Men"
"ITF Men Thu Dau Mot City, Vietnam Men Singles","ITF Men"
"ITF Men Thu Dau Mot City, Vietnam Men Doubles","ITF Men"
"ITF Morocco F4, Men Singles","ITF Men"
"ITF Morocco F4, Men Doubles","ITF Men"
"ITF Italy F24, Men Singles","ITF Men"
"ITF Italy F24, Men Doubles","ITF Men"
"ITF Morocco F6, Men Singles","ITF Men"
"ITF Morocco F6, Men Doubles","ITF Men"
"ITF Finland F1, Men Singles","ITF Men"
"ITF Finland F1, Men Doubles","ITF Men"
"ITF Switzerland F3, Men Singles","ITF Men"
"ITF Switzerland F3, Men Doubles","ITF Men"
"ITF Indonesia F2, Men Singles","ITF Men"
"ITF Indonesia F2, Men Doubles","ITF Men"
"ITF Men St. Petersburg, Russia Men Singles","ITF Men"
"ITF Men St. Petersburg, Russia Men Doubles","ITF Men"
"ITF Spain F28, Men Singles","ITF Men"
"ITF Spain F28, Men Doubles","ITF Men"
"ITF Netherlands F7, Men Singles","ITF Men"
"ITF Netherlands F7, Men Doubles","ITF Men"
"ITF Italy F28, Men Singles","ITF Men"
"ITF Italy F28, Men Doubles","ITF Men"
"ITF Hungary F5, Men Singles","ITF Men"
"ITF Hungary F5, Men Doubles","ITF Men"
"ITF Hungary F6, Men Singles","ITF Men"
"ITF Hungary F6, Men Doubles","ITF Men"
"ITF Men Niagara, Canada Men Singles","ITF Men"
"ITF Men Niagara, Canada Men Doubles","ITF Men"
"ITF USA F30, Men Singles","ITF Men"
"ITF USA F30, Men Doubles","ITF Men"
"ITF Men Kiev, Ukraine Men Singles","ITF Men"
"ITF Men Kiev, Ukraine Men Doubles","ITF Men"
"ITF Hungary F8, Men Singles","ITF Men"
"ITF Hungary F8, Men Doubles","ITF Men"
"ITF Men Neiva, Colombia Men Singles","ITF Men"
"ITF Men Neiva, Colombia Men Doubles","ITF Men"
"ITF Men Vallduxo, Spain Men Singles","ITF Men"
"ITF Men Vallduxo, Spain Men Doubles","ITF Men"
"ITF Men Salinas, Ecuador Men Singles","ITF Men"
"ITF Men Salinas, Ecuador Men Doubles","ITF Men"
"ITF USA F34, Men Singles","ITF Men"
"ITF USA F34, Men Doubles","ITF Men"
"ITF Men Latina, Italy Men Singles","ITF Men"
"ITF Men Latina, Italy Men Doubles","ITF Men"
"ITF Men Almeria, Spain Men Singles","ITF Men"
"ITF Men Almeria, Spain Men Doubles","ITF Men"
"ITF Great Britain F6, Men Singles","ITF Men"
"ITF Great Britain F6, Men Doubles","ITF Men"
"ITF Men Blacktown, Australia Men Singles","ITF Men"
"ITF Men Blacktown, Australia Men Doubles","ITF Men"
"ITF Men San Salvador, El Salvador Men Singles","ITF Men"
"ITF Men San Salvador, El Salvador Men Doubles","ITF Men"
"ITF Czech Republic F10, Men Singles","ITF Men"
"ITF Czech Republic F10, Men Doubles","ITF Men"
"ITF Men Talca, Chile Men Singles","ITF Men"
"ITF Men Talca, Chile Men Doubles","ITF Men"
"ITF Czech Republic F12, Men Singles","ITF Men"
"ITF Czech Republic F12, Men Doubles","ITF Men"
"ITF Men Paysandu, Uruguay Men Singles","ITF Men"
"ITF Men Paysandu, Uruguay Men Doubles","ITF Men"
"ITF Men Salto, Uruguay Men Singles","ITF Men"
"ITF Men Salto, Uruguay Men Doubles","ITF Men"
"ITF Men Mayaguez, Puerto Rico Men Singles","ITF Men"
"ITF Men Mayaguez, Puerto Rico Men Doubles","ITF Men"
"ITF Switzerland F2, Men Singles","ITF Men"
"ITF Switzerland F2, Men Doubles","ITF Men"
"ITF USA F9, Men Singles","ITF Men"
"ITF USA F9, Men Doubles","ITF Men"
"ITF India F2, Men Doubles","ITF Men"
"ITF India F2, Men Singles","ITF Men"
"ITF Spain F6, Men Singles","ITF Men"
"ITF Spain F6, Men Doubles","ITF Men"
"ITF India F3, Men Singles","ITF Men"
"ITF India F3, Men Doubles","ITF Men"
"ITF India F4, Men Singles","ITF Men"
"ITF India F4, Men Doubles","ITF Men"
"ITF Turkey F21, Men Singles","ITF Men"
"ITF Turkey F21, Men Doubles","ITF Men"
"ITF Australia F2, Men Singles","ITF Men"
"ITF Australia F2, Men Doubles","ITF Men"
"ITF Portugal F3, Men Singles","ITF Men"
"ITF Portugal F3, Men Doubles","ITF Men"
"ITF Spain F7, Men Singles","ITF Men"
"ITF Spain F7, Men Doubles","ITF Men"
"ITF India F6, Men Singles","ITF Men"
"ITF India F6, Men Doubles","ITF Men"
"ITF China F5, Men Singles","ITF Men"
"ITF China F5, Men Doubles","ITF Men"
"ITF Portugal F7, Men Singles","ITF Men"
"ITF Portugal F7, Men Doubles","ITF Men"
"ITF Mexico F2, Men Singles","ITF Men"
"ITF Mexico F2, Men Doubles","ITF Men"
"ITF Greece F1, Men Singles","ITF Men"
"ITF Greece F1, Men Doubles","ITF Men"
"ITF Hungary F1, Men Singles","ITF Men"
"ITF Hungary F1, Men Doubles","ITF Men"
"ITF Italy F12, Men Singles","ITF Men"
"ITF Italy F12, Men Doubles","ITF Men"
"ITF Mexico F1, Men Singles","ITF Men"
"ITF Mexico F1, Men Doubles","ITF Men"
"ITF Vietnam F4, Men Singles","ITF Men"
"ITF Vietnam F4, Men Doubles","ITF Men"
"ITF Singapore F3, Men Singles","ITF Men"
"ITF Singapore F3, Men Doubles","ITF Men"
"ITF Greece F2, Men Singles","ITF Men"
"ITF Greece F2, Men Doubles","ITF Men"
"ITF Men San Jose, Costa Rica Men Singles","ITF Men"
"ITF Men San Jose, Costa Rica Men Doubles","ITF Men"
"ITF Mexico F21, Men Singles","ITF Men"
"ITF Mexico F21, Men Doubles","ITF Men"
"ITF Poland F2, Men Singles","ITF Men"
"ITF Poland F2, Men Doubles","ITF Men"
"ITF China F10, Men Singles","ITF Men"
"ITF China F10, Men Doubles","ITF Men"
"ITF Poland F5, Men Singles","ITF Men"
"ITF Poland F5, Men Doubles","ITF Men"
"ITF Portugal F10, Men Singles","ITF Men"
"ITF Portugal F10, Men Doubles","ITF Men"
"ITF USA F1, Men Singles","ITF Men"
"ITF USA F1, Men Doubles","ITF Men"
"ITF Hong Kong F6, Men Singles","ITF Men"
"ITF Hong Kong F6, Men Doubles","ITF Men"
"ITF USA F2, Men Singles","ITF Men"
"ITF USA F2, Men Doubles","ITF Men"
"ITF France F1, Men Singles","ITF Men"
"ITF France F1, Men Doubles","ITF Men"
"ITF Germany F1, Men Singles","ITF Men"
"ITF Germany F1, Men Doubles","ITF Men"
"ITF Tunisia F1, Men Singles","ITF Men"
"ITF Tunisia F1, Men Doubles","ITF Men"
"ITF Turkey F1, Men Singles","ITF Men"
"ITF Turkey F1, Men Doubles","ITF Men"
"ITF USA F3, Men Singles","ITF Men"
"ITF USA F3, Men Doubles","ITF Men"
"ITF Egypt F1, Men Singles","ITF Men"
"ITF Egypt F1, Men Doubles","ITF Men"
"ITF France F2, Men Singles","ITF Men"
"ITF France F2, Men Doubles","ITF Men"
"ITF Germany F2, Men Singles","ITF Men"
"ITF Germany F2, Men Doubles","ITF Men"
"ITF Spain F1, Men Singles","ITF Men"
"ITF Spain F1, Men Doubles","ITF Men"
"ITF Tunisia F2, Men Singles","ITF Men"
"ITF Tunisia F2, Men Doubles","ITF Men"
"ITF Turkey F2, Men Singles","ITF Men"
"ITF Turkey F2, Men Doubles","ITF Men"
"ITF USA F4, Men Singles","ITF Men"
"ITF USA F4, Men Doubles","ITF Men"
"ITF Germany F3, Men Singles","ITF Men"
"ITF Germany F3, Men Doubles","ITF Men"
"ITF Kazakhstan F1, Men Singles","ITF Men"
"ITF Kazakhstan F1, Men Doubles","ITF Men"
"ITF Egypt F2, Men Singles","ITF Men"
"ITF Egypt F2, Men Doubles","ITF Men"
"ITF France F3, Men Singles","ITF Men"
"ITF France F3, Men Doubles","ITF Men"
"ITF Spain F2, Men Singles","ITF Men"
"ITF Spain F2, Men Doubles","ITF Men"
"ITF Tunisia F3, Men Singles","ITF Men"
"ITF Tunisia F3, Men Doubles","ITF Men"
"ITF Turkey F3, Men Singles","ITF Men"
"ITF Turkey F3, Men Doubles","ITF Men"
"ITF Belgium F4, Men Singles","ITF Men"
"ITF Belgium F4, Men Doubles","ITF Men"
"ITF Portugal F11, Men Singles","ITF Men"
"ITF Portugal F11, Men Doubles","ITF Men"
"ITF USA F5, Men Singles","ITF Men"
"ITF USA F5, Men Doubles","ITF Men"
"ITF Kazakhstan F2, Men Singles","ITF Men"
"ITF Kazakhstan F2, Men Doubles","ITF Men"
"ITF Egypt F3, Men Singles","ITF Men"
"ITF Egypt F3, Men Doubles","ITF Men"
"ITF Portugal F1, Men Doubles","ITF Men"
"ITF Turkey F4, Men Singles","ITF Men"
"ITF USA F6, Men Singles","ITF Men"
"ITF Switzerland F1, Men Singles","ITF Men"
"ITF Egypt F4, Men Singles","ITF Men"
"ITF Great Britain F2, Men Singles","ITF Men"
"ITF Indonesia F1, Men Singles","ITF Men"
"ITF Spain F4, Men Doubles","ITF Men"
"ITF Tunisia F5, Men Singles","ITF Men"
"ITF Turkey F5, Men Singles","ITF Men"
"ITF Egypt F7, Men Singles","ITF Men"
"ITF Tunisia F8, Men Singles","ITF Men"
"ITF Turkey F8, Men Singles","ITF Men"
"ITF Great Britain F1, Men Singles","ITF Men"
"ITF Great Britain F1, Men Doubles","ITF Men"
"ITF China F13, Men Singles","ITF Men"
"ITF China F13, Men Doubles","ITF Men"
"ITF Czech Republic F6, Men Singles","ITF Men"
"ITF Czech Republic F6, Men Doubles","ITF Men"
"ITF Germany F8, Men Singles","ITF Men"
"ITF Germany F8, Men Doubles","ITF Men"
"ITF Ireland F1, Men Singles","ITF Men"
"ITF Ireland F1, Men Doubles","ITF Men"
"ITF Spain F22, Men Singles","ITF Men"
"ITF Spain F22, Men Doubles","ITF Men"
"ITF Turkey F26, Men Singles","ITF Men"
"ITF Turkey F26, Men Doubles","ITF Men"
"ITF USA F24, Men Singles","ITF Men"
"ITF USA F24, Men Doubles","ITF Men"
"ITF Austria F3, Men Singles","ITF Men"
"ITF Austria F3, Men Doubles","ITF Men"
"ITF Belgium F5, Men Singles","ITF Men"
"ITF Belgium F5, Men Doubles","ITF Men"
"ITF Colombia F1, Men Singles","ITF Men"
"ITF Colombia F1, Men Doubles","ITF Men"
"ITF Egypt F21, Men Singles","ITF Men"
"ITF Egypt F21, Men Doubles","ITF Men"
"ITF France F16, Men Singles","ITF Men"
"ITF France F16, Men Doubles","ITF Men"
"ITF Georgia F3, Men Singles","ITF Men"
"ITF Georgia F3, Men Doubles","ITF Men"
"ITF Italy F22, Men Singles","ITF Men"
"ITF Italy F22, Men Doubles","ITF Men"
"ITF Lithuania F1, Men Singles","ITF Men"
"ITF Lithuania F1, Men Doubles","ITF Men"
"ITF Morocco F1, Men Singles","ITF Men"
"ITF Morocco F1, Men Doubles","ITF Men"
"ITF Poland F6, Men Singles","ITF Men"
"ITF Poland F6, Men Doubles","ITF Men"
"ITF Portugal F12, Men Singles","ITF Men"
"ITF Portugal F12, Men Doubles","ITF Men"
"ITF Spain F3, Men Singles","ITF Men"
"ITF Spain F3, Men Doubles","ITF Men"
"ITF Tunisia F4, Men Singles","ITF Men"
"ITF Tunisia F4, Men Doubles","ITF Men"
"ITF China F14, Men Singles","ITF Men"
"ITF China F14, Men Doubles","ITF Men"
"ITF France F17, Men Singles","ITF Men"
"ITF France F17, Men Doubles","ITF Men"
"ITF Ireland F2, Men Singles","ITF Men"
"ITF Ireland F2, Men Doubles","ITF Men"
"ITF Italy F23, Men Singles","ITF Men"
"ITF Italy F23, Men Doubles","ITF Men"
"ITF Spain F23, Men Singles","ITF Men"
"ITF Spain F23, Men Doubles","ITF Men"
"ITF USA F25, Men Singles","ITF Men"
"ITF USA F25, Men Doubles","ITF Men"
"ITF Austria F4, Men Singles","ITF Men"
"ITF Austria F4, Men Doubles","ITF Men"
"ITF Belgium F6, Men Singles","ITF Men"
"ITF Belgium F6, Men Doubles","ITF Men"
"ITF Colombia F2, Men Singles","ITF Men"
"ITF Colombia F2, Men Doubles","ITF Men"
"ITF Egypt F22, Men Singles","ITF Men"
"ITF Egypt F22, Men Doubles","ITF Men"
"ITF Estonia F1, Men Singles","ITF Men"
"ITF Estonia F1, Men Doubles","ITF Men"
"ITF Macedonia F1, Men Singles","ITF Men"
"ITF Macedonia F1, Men Doubles","ITF Men"
"ITF Morocco F2, Men Singles","ITF Men"
"ITF Morocco F2, Men Doubles","ITF Men"
"ITF Poland F7, Men Singles","ITF Men"
"ITF Poland F7, Men Doubles","ITF Men"
"ITF Portugal F13, Men Singles","ITF Men"
"ITF Portugal F13, Men Doubles","ITF Men"
"ITF Romania F7, Men Singles","ITF Men"
"ITF Romania F7, Men Doubles","ITF Men"
"ITF Russia F4, Men Singles","ITF Men"
"ITF Russia F4, Men Doubles","ITF Men"
"ITF Slovakia F1, Men Singles","ITF Men"
"ITF Slovakia F1, Men Doubles","ITF Men"
"ITF Turkiye F27, Men Singles","ITF Men"
"ITF Turkiye F27, Men Doubles","ITF Men"
"ITF Turkey F4, Men Doubles","ITF Men"
"ITF Egypt F4, Men Doubles","ITF Men"
"ITF Great Britain F2, Men Doubles","ITF Men"
"ITF Indonesia F1, Men Doubles","ITF Men"
"ITF Latvia F1, Men Singles","ITF Men"
"ITF Latvia F1, Men Doubles","ITF Men"
"ITF Portugal F14, Men Singles","ITF Men"
"ITF Portugal F14, Men Doubles","ITF Men"
"ITF Romania F8, Men Doubles","ITF Men"
"ITF Romania F8, Men Singles","ITF Men"
"ITF Turkiye F28, Men Singles","ITF Men"
"ITF Turkiye F28, Men Doubles","ITF Men"
"ITF USA F26, Men Doubles","ITF Men"
"ITF USA F26, Men Singles","ITF Men"
"ITF Austria F5, Men Singles","ITF Men"
"ITF Austria F5, Men Doubles","ITF Men"
"ITF Belgium F7, Men Doubles","ITF Men"
"ITF Belgium F7, Men Singles","ITF Men"
"ITF Colombia F3, Men Singles","ITF Men"
"ITF Colombia F3, Men Doubles","ITF Men"
"ITF Egypt F23, Men Singles","ITF Men"
"ITF Egypt F23, Men Doubles","ITF Men"
"ITF Macedonia F2, Men Doubles","ITF Men"
"ITF Macedonia F2, Men Singles","ITF Men"
"ITF Germany F9, Men Singles","ITF Men"
"ITF Germany F9, Men Doubles","ITF Men"
"ITF Morocco F3, Men Singles","ITF Men"
"ITF Morocco F3, Men Doubles","ITF Men"
"ITF Poland F8, Men Singles","ITF Men"
"ITF Poland F8, Men Doubles","ITF Men"
"ITF Russia F5, Men Singles","ITF Men"
"ITF Russia F5, Men Doubles","ITF Men"
"ITF Slovakia F2, Men Doubles","ITF Men"
"ITF Slovakia F2, Men Singles","ITF Men"
"ITF Thailand F4, Men Singles","ITF Men"
"ITF Thailand F4, Men Doubles","ITF Men"
"ITF Spain F4, Men Singles","ITF Men"
"ITF Tunisia F5, Men Doubles","ITF Men"
"ITF Turkey F5, Men Doubles","ITF Men"
"ITF China F1, Men Singles","ITF Men"
"ITF China F1, Men Doubles","ITF Men"
"ITF Egypt F5, Men Singles","ITF Men"
"ITF Egypt F5, Men Doubles","ITF Men"
"ITF Great Britain F3, Men Singles","ITF Men"
"ITF Great Britain F3, Men Doubles","ITF Men"
"ITF India F1, Men Singles","ITF Men"
"ITF India F1, Men Doubles","ITF Men"
"ITF Spain F5, Men Singles","ITF Men"
"ITF Spain F5, Men Doubles","ITF Men"
"ITF Tunisia F6, Men Singles","ITF Men"
"ITF Tunisia F6, Men Doubles","ITF Men"
"ITF Italy F25, Men Singles","ITF Men"
"ITF Italy F25, Men Doubles","ITF Men"
"ITF USA F27, Men Singles","ITF Men"
"ITF USA F27, Men Doubles","ITF Men"
"ITF Austria F6, Men Singles","ITF Men"
"ITF Austria F6, Men Doubles","ITF Men"
"ITF Belarus F1, Men Singles","ITF Men"
"ITF Belarus F1, Men Doubles","ITF Men"
"ITF Belgium F8, Men Singles","ITF Men"
"ITF Belgium F8, Men Doubles","ITF Men"
"ITF Finland F2, Men Singles","ITF Men"
"ITF Finland F2, Men Doubles","ITF Men"
"ITF Germany F10, Men Singles","ITF Men"
"ITF Germany F10, Men Doubles","ITF Men"
"ITF Portugal F15, Men Singles","ITF Men"
"ITF Portugal F15, Men Doubles","ITF Men"
"ITF Romania F9, Men Singles","ITF Men"
"ITF Romania F9, Men Doubles","ITF Men"
"ITF Russia F6, Men Singles","ITF Men"
"ITF Russia F6, Men Doubles","ITF Men"
"ITF Serbia F1, Men Singles","ITF Men"
"ITF Serbia F1, Men Doubles","ITF Men"
"ITF Slovakia F3, Men Singles","ITF Men"
"ITF Slovakia F3, Men Doubles","ITF Men"
"ITF Thailand F5, Men Singles","ITF Men"
"ITF Thailand F5, Men Doubles","ITF Men"
"ITF Turkiye F29, Men Singles","ITF Men"
"ITF Turkiye F29, Men Doubles","ITF Men"
"ITF Turkey F6, Men Singles","ITF Men"
"ITF Turkey F6, Men Doubles","ITF Men"
"ITF USA F7, Men Singles","ITF Men"
"ITF USA F7, Men Doubles","ITF Men"
"ITF China F2, Men Singles","ITF Men"
"ITF China F2, Men Doubles","ITF Men"
"ITF Tunisia F7, Men Singles","ITF Men"
"ITF Tunisia F7, Men Doubles","ITF Men"
"ITF Egypt F6, Men Singles","ITF Men"
"ITF Egypt F6, Men Doubles","ITF Men"
"ITF Turkey F7, Men Singles","ITF Men"
"ITF Turkey F7, Men Doubles","ITF Men"
"ITF USA F8, Men Singles","ITF Men"
"ITF USA F8, Men Doubles","ITF Men"
"ITF Indonesia F3, Men Singles","ITF Men"
"ITF Indonesia F3, Men Doubles","ITF Men"
"ITF Canada F1, Men Singles","ITF Men"
"ITF Canada F1, Men Doubles","ITF Men"
"ITF France F4, Men Singles","ITF Men"
"ITF France F4, Men Doubles","ITF Men"
"ITF Italy F2, Men Singles","ITF Men"
"ITF Italy F2, Men Doubles","ITF Men"
"ITF China F3, Men Singles","ITF Men"
"ITF China F3, Men Doubles","ITF Men"
"ITF Egypt F7, Men Doubles","ITF Men"
"ITF Portugal F1, Men Singles","ITF Men"
"ITF Tunisia F8, Men Doubles","ITF Men"
"ITF Turkey F8, Men Doubles","ITF Men"
"ITF Portugal F16, Men Singles","ITF Men"
"ITF Portugal F16, Men Doubles","ITF Men"
"ITF USA F6, Men Doubles","ITF Men"
"ITF Poland F9, Men Singles","ITF Men"
"ITF Poland F9, Men Doubles","ITF Men"
"ITF Belarus F2, Men Singles","ITF Men"
"ITF Belarus F2, Men Doubles","ITF Men"
"ITF Belgium F9, Men Singles","ITF Men"
"ITF Belgium F9, Men Doubles","ITF Men"
"ITF Finland F3, Men Singles","ITF Men"
"ITF Finland F3, Men Doubles","ITF Men"
"ITF Germany F11, Men Singles","ITF Men"
"ITF Germany F11, Men Doubles","ITF Men"
"ITF Netherlands F5, Men Singles","ITF Men"
"ITF Netherlands F5, Men Doubles","ITF Men"
"ITF Romania F10, Men Singles","ITF Men"
"ITF Romania F10, Men Doubles","ITF Men"
"ITF Russia F7, Men Singles","ITF Men"
"ITF Russia F7, Men Doubles","ITF Men"
"ITF Serbia F2, Men Singles","ITF Men"
"ITF Serbia F2, Men Doubles","ITF Men"
"ITF Spain F25, Men Singles","ITF Men"
"ITF Spain F25, Men Doubles","ITF Men"
"ITF Thailand F6, Men Singles","ITF Men"
"ITF Thailand F6, Men Doubles","ITF Men"
"ITF Turkey F30, Men Singles","ITF Men"
"ITF Turkey F30, Men Doubles","ITF Men"
"ITF Australia F1, Men Singles","ITF Men"
"ITF Australia F1, Men Doubles","ITF Men"
"ITF Canada F2, Men Singles","ITF Men"
"ITF Canada F2, Men Doubles","ITF Men"
"ITF Croatia F1, Men Singles","ITF Men"
"ITF Croatia F1, Men Doubles","ITF Men"
"ITF Egypt F8, Men Singles","ITF Men"
"ITF Egypt F8, Men Doubles","ITF Men"
"ITF France F5, Men Singles","ITF Men"
"ITF France F5, Men Doubles","ITF Men"
"ITF Japan F1, Men Singles","ITF Men"
"ITF Japan F1, Men Doubles","ITF Men"
"ITF Belgium F10, Men Singles","ITF Men"
"ITF Belgium F10, Men Doubles","ITF Men"
"ITF Italy F26, Men Singles","ITF Men"
"ITF Italy F26, Men Doubles","ITF Men"
"ITF Portugal F17, Men Singles","ITF Men"
"ITF Portugal F17, Men Doubles","ITF Men"
"ITF Romania F11, Men Singles","ITF Men"
"ITF Romania F11, Men Doubles","ITF Men"
"ITF Switzerland F4, Men Singles","ITF Men"
"ITF Switzerland F4, Men Doubles","ITF Men"
"ITF Turkey F12 Men Singles","ITF Men"
"ITF Turkey F12 Men Doubles","ITF Men"
"ITF Tunisia F12 Men Doubles","ITF Men"
"ITF Tunisia F12 Men Singles","ITF Men"
"ITF Portugal F4, Men Singles","ITF Men"
"ITF Portugal F4, Men Doubles","ITF Men"
"ITF Japan F4, Men Singles","ITF Men"
"ITF Japan F4, Men Doubles","ITF Men"
"ITF Israel F3, Men Singles","ITF Men"
"ITF Israel F3, Men Doubles","ITF Men"
"ITF Indonesia F4, Men Singles","ITF Men"
"ITF Indonesia F4, Men Doubles","ITF Men"
"ITF Greece F4, Men Singles","ITF Men"
"ITF Greece F4, Men Doubles","ITF Men"
"ITF Egypt F11, Men Singles","ITF Men"
"ITF Egypt F11, Men Doubles","ITF Men"
"ITF Bahrain F2, Men Singles","ITF Men"
"ITF Bahrain F2, Men Doubles","ITF Men"
"ITF Spain F9, Men Singles","ITF Men"
"ITF Spain F9, Men Doubles","ITF Men"
"ITF Italy F6, Men Singles","ITF Men"
"ITF Italy F6, Men Doubles","ITF Men"
"ITF Turkey F11, Men Singles","ITF Men"
"ITF Turkey F11, Men Doubles","ITF Men"
"ITF Tunisia F11, Men Singles","ITF Men"
"ITF Tunisia F11, Men Doubles","ITF Men"
"ITF Spain F8, Men Singles","ITF Men"
"ITF Spain F8, Men Doubles","ITF Men"
"ITF Japan F3, Men Singles","ITF Men"
"ITF Japan F3, Men Doubles","ITF Men"
"ITF Israel F2, Men Singles","ITF Men"
"ITF Israel F2, Men Doubles","ITF Men"
"ITF Poland F10, Men Singles","ITF Men"
"ITF Poland F10, Men Doubles","ITF Men"
"ITF Spain F26, Men Singles","ITF Men"
"ITF Spain F26, Men Doubles","ITF Men"
"ITF Turkey F31, Men Singles","ITF Men"
"ITF Turkey F31, Men Doubles","ITF Men"
"ITF Argentina F4, Men Singles","ITF Men"
"ITF Argentina F4, Men Doubles","ITF Men"
"ITF Belarus F3, Men Singles","ITF Men"
"ITF Belarus F3, Men Doubles","ITF Men"
"ITF Germany F12, Men Singles","ITF Men"
"ITF Germany F12, Men Doubles","ITF Men"
"ITF Netherlands F6, Men Singles","ITF Men"
"ITF Netherlands F6, Men Doubles","ITF Men"
"ITF Serbia F3, Men Singles","ITF Men"
"ITF Serbia F3, Men Doubles","ITF Men"
"ITF Greece F3, Men Singles","ITF Men"
"ITF Greece F3, Men Doubles","ITF Men"
"ITF Egypt F10, Men Singles","ITF Men"
"ITF Egypt F10, Men Doubles","ITF Men"
"ITF Croatia F3, Men Singles","ITF Men"
"ITF Croatia F3, Men Doubles","ITF Men"
"ITF Bahrain F1, Men Singles","ITF Men"
"ITF Bahrain F1, Men Doubles","ITF Men"
"ITF USA F11, Men Singles","ITF Men"
"ITF USA F11, Men Doubles","ITF Men"
"ITF Italy F5, Men Singles","ITF Men"
"ITF Italy F5, Men Doubles","ITF Men"
"ITF Australia F3, Men Singles","ITF Men"
"ITF Australia F3, Men Doubles","ITF Men"
"ITF Turkey F10, Men Singles","ITF Men"
"ITF Turkey F10, Men Doubles","ITF Men"
"ITF Tunisia F10, Men Singles","ITF Men"
"ITF Tunisia F10, Men Doubles","ITF Men"
"ITF Japan F2, Men Singles","ITF Men"
"ITF Japan F2, Men Doubles","ITF Men"
"ITF Italy F4, Men Singles","ITF Men"
"ITF Italy F4, Men Doubles","ITF Men"
"ITF Israel F1, Men Singles","ITF Men"
"ITF Israel F1, Men Doubles","ITF Men"
"ITF India F5, Men Singles","ITF Men"
"ITF India F5, Men Doubles","ITF Men"
"ITF Portugal F2, Men Doubles","ITF Men"
"ITF Portugal F2, Men Singles","ITF Men"
"ITF Tunisia F9, Men Singles","ITF Men"
"ITF Tunisia F9, Men Doubles","ITF Men"
"ITF France F6, Men Singles","ITF Men"
"ITF France F6, Men Doubles","ITF Men"
"ITF Egypt F9, Men Singles","ITF Men"
"ITF Egypt F9, Men Doubles","ITF Men"
"ITF Turkey F9, Men Singles","ITF Men"
"ITF Turkey F9, Men Doubles","ITF Men"
"ITF Croatia F2, Men Singles","ITF Men"
"ITF Croatia F2, Men Doubles","ITF Men"
"ITF USA F10, Men Singles","ITF Men"
"ITF USA F10, Men Doubles","ITF Men"
"ITF China F4, Men Singles","ITF Men"
"ITF China F4, Men Doubles","ITF Men"
"ITF USA F15, Men Singles","ITF Men"
"ITF Italy F7, Men Singles","ITF Men"
"ITF USA F15, Men Doubles","ITF Men"
"ITF Italy F7, Men Doubles","ITF Men"
"ITF Spain F10, Men Singles","ITF Men"
"ITF Spain F10, Men Doubles","ITF Men"
"ITF Egypt F12, Men Singles","ITF Men"
"ITF Egypt F12, Men Doubles","ITF Men"
"ITF Turkey F16, Men Singles","ITF Men"
"ITF Turkey F16, Men Doubles","ITF Men"
"ITF Tunisia F16, Men Doubles","ITF Men"
"ITF Tunisia F16, Men Singles","ITF Men"
"ITF Greece F5, Men Singles","ITF Men"
"ITF Greece F5, Men Doubles","ITF Men"
"ITF Indonesia F5, Men Singles","ITF Men"
"ITF Indonesia F5, Men Doubles","ITF Men"
"ITF Spain F11, Men Singles","ITF Men"
"ITF Spain F11, Men Doubles","ITF Men"
"ITF Japan F5, Men Singles","ITF Men"
"ITF Japan F5, Men Doubles","ITF Men"
"ITF Portugal F5, Men Singles","ITF Men"
"ITF Portugal F5, Men Doubles","ITF Men"
"ITF Kazakhstan F5, Men Singles","ITF Men"
"ITF Kazakhstan F5, Men Doubles","ITF Men"
"ITF Qatar F1, Men Singles","ITF Men"
"ITF Qatar F1, Men Doubles","ITF Men"
"ITF Israel F4, Men Singles","ITF Men"
"ITF Israel F4, Men Doubles","ITF Men"
"ITF Tunisia F13, Men Singles","ITF Men"
"ITF Tunisia F13, Men Doubles","ITF Men"
"ITF Egypt F15, Men Singles","ITF Men"
"ITF Egypt F15, Men Doubles","ITF Men"
"ITF Turkey F13, Men Singles","ITF Men"
"ITF Turkey F13, Men Doubles","ITF Men"
"ITF Uzbekistan F2, Men Singles","ITF Men"
"ITF Uzbekistan F2, Men Doubles","ITF Men"
"ITF USA F13, Men Singles","ITF Men"
"ITF USA F13, Men Doubles","ITF Men"
"ITF Italy F10, Men Singles","ITF Men"
"ITF Italy F10, Men Doubles","ITF Men"
"ITF Egypt F13, Men Singles","ITF Men"
"ITF Egypt F13, Men Doubles","ITF Men"
"ITF Indonesia F6, Men Singles","ITF Men"
"ITF Indonesia F6, Men Doubles","ITF Men"
"ITF Italy F8, Men Singles","ITF Men"
"ITF Italy F8, Men Doubles","ITF Men"
"ITF Kazakhstan F3, Men Singles","ITF Men"
"ITF Kazakhstan F3, Men Doubles","ITF Men"
"ITF Portugal F6, Men Singles","ITF Men"
"ITF Portugal F6, Men Doubles","ITF Men"
"ITF Qatar F2, Men Singles","ITF Men"
"ITF Qatar F2, Men Doubles","ITF Men"
"ITF Tunisia F14, Men Singles","ITF Men"
"ITF Tunisia F14, Men Doubles","ITF Men"
"ITF Turkey F14, Men Singles","ITF Men"
"ITF Turkey F14, Men Doubles","ITF Men"
"ITF Italy F9, Men Singles","ITF Men"
"ITF Italy F9, Men Doubles","ITF Men"
"ITF Uzbekistan F1, Men Singles","ITF Men"
"ITF Uzbekistan F1, Men Doubles","ITF Men"
"ITF Egypt F14, Men Singles","ITF Men"
"ITF Egypt F14, Men Doubles","ITF Men"
"ITF France F8, Men Singles","ITF Men"
"ITF France F8, Men Doubles","ITF Men"
"ITF Kazakhstan F4, Men Singles","ITF Men"
"ITF Kazakhstan F4, Men Doubles","ITF Men"
"ITF Qatar F3, Men Singles","ITF Men"
"ITF Qatar F3, Men Doubles","ITF Men"
"ITF Tunisia F15, Men Singles","ITF Men"
"ITF Tunisia F15, Men Doubles","ITF Men"
"ITF Turkey F15, Men Singles","ITF Men"
"ITF Turkey F15, Men Doubles","ITF Men"
"ITF USA F14, Men Singles","ITF Men"
"ITF USA F14, Men Doubles","ITF Men"
"ITF France F9, Men Singles","ITF Men"
"ITF France F9, Men Doubles","ITF Men"
"ITF Nigeria F1, Men Singles","ITF Men"
"ITF Nigeria F1, Men Doubles","ITF Men"
"ITF Spain F12, Men Singles","ITF Men"
"ITF Spain F12, Men Doubles","ITF Men"
"ITF France F10, Men Singles","ITF Men"
"ITF France F10, Men Doubles","ITF Men"
"ITF Israel F5, Men Singles","ITF Men"
"ITF Israel F5, Men Doubles","ITF Men"
"ITF Italy F11, Men Singles","ITF Men"
"ITF Italy F11, Men Doubles","ITF Men"
"ITF Tunisia F17, Men Singles","ITF Men"
"ITF Tunisia F17, Men Doubles","ITF Men"
"ITF Turkey F17, Men Singles","ITF Men"
"ITF Turkey F17, Men Doubles","ITF Men"
"ITF USA F16, Men Singles","ITF Men"
"ITF USA F16, Men Doubles","ITF Men"
"ITF Nigeria F2, Men Singles","ITF Men"
"ITF Nigeria F2, Men Doubles","ITF Men"
"ITF Sweden F1, Men Singles","ITF Men"
"ITF Sweden F1, Men Doubles","ITF Men"
"ITF China F6, Men Singles","ITF Men"
"ITF China F6, Men Doubles","ITF Men"
"ITF Israel F6, Men Singles","ITF Men"
"ITF Israel F6, Men Doubles","ITF Men"
"ITF Mexico F3, Men Singles","ITF Men"
"ITF Mexico F3, Men Doubles","ITF Men"
"ITF Spain F13, Men Singles","ITF Men"
"ITF Spain F13, Men Doubles","ITF Men"
"ITF Tunisia F18, Men Singles","ITF Men"
"ITF Tunisia F18, Men Doubles","ITF Men"
"ITF Turkey F18, Men Singles","ITF Men"
"ITF Turkey F18, Men Doubles","ITF Men"
"ITF Ukraine F1, Men Singles","ITF Men"
"ITF Ukraine F1, Men Doubles","ITF Men"
"ITF China F7, Men Singles","ITF Men"
"ITF China F7, Men Doubles","ITF Men"
"ITF Nigeria F3, Men Singles","ITF Men"
"ITF Nigeria F3, Men Doubles","ITF Men"
"ITF Sweden F2, Men Singles","ITF Men"
"ITF Sweden F2, Men Doubles","ITF Men"
"ITF Czech Republic F1, Men Singles","ITF Men"
"ITF Czech Republic F1, Men Doubles","ITF Men"
"ITF Hungary F2, Men Singles","ITF Men"
"ITF Hungary F2, Men Doubles","ITF Men"
"ITF Israel F7, Men Singles","ITF Men"
"ITF Israel F7, Men Doubles","ITF Men"
"ITF Italy F13, Men Singles","ITF Men"
"ITF Italy F13, Men Doubles","ITF Men"
"ITF Mexico F4, Men Singles","ITF Men"
"ITF Mexico F4, Men Doubles","ITF Men"
"ITF Romania F1, Men Singles","ITF Men"
"ITF Romania F1, Men Doubles","ITF Men"
"ITF Spain F14, Men Singles","ITF Men"
"ITF Spain F14, Men Doubles","ITF Men"
"ITF Tunisia F19, Men Singles","ITF Men"
"ITF Tunisia F19, Men Doubles","ITF Men"
"ITF Hungary F7, Men Singles","ITF Men"
"ITF Hungary F7, Men Doubles","ITF Men"
"ITF Portugal F18, Men Singles","ITF Men"
"ITF Portugal F18, Men Doubles","ITF Men"
"ITF Turkey F19, Men Singles","ITF Men"
"ITF Turkey F19, Men Doubles","ITF Men"
"ITF Ukraine F2, Men Singles","ITF Men"
"ITF Ukraine F2, Men Doubles","ITF Men"
"ITF China F8, Men Singles","ITF Men"
"ITF China F8, Men Doubles","ITF Men"
"ITF Romania F2, Men Singles","ITF Men"
"ITF Romania F2, Men Doubles","ITF Men"
"ITF Bosnia & Herzegovina F1, Men Singles","ITF Men"
"ITF Bosnia & Herzegovina F1, Men Doubles","ITF Men"
"ITF Czech Republic F2, Men Singles","ITF Men"
"ITF Czech Republic F2, Men Doubles","ITF Men"
"ITF Hungary F3, Men Singles","ITF Men"
"ITF Hungary F3, Men Doubles","ITF Men"
"ITF Israel F8, Men Singles","ITF Men"
"ITF Israel F8, Men Doubles","ITF Men"
"ITF Canada F5, Men Singles","ITF Men"
"ITF Canada F5, Men Doubles","ITF Men"
"ITF Spain F27, Men Singles","ITF Men"
"ITF Spain F27, Men Doubles","ITF Men"
"ITF Argentina F5, Men Singles","ITF Men"
"ITF Argentina F5, Men Doubles","ITF Men"
"ITF Belgium F11, Men Singles","ITF Men"
"ITF Belgium F11, Men Doubles","ITF Men"
"ITF Italy F27, Men Singles","ITF Men"
"ITF Italy F27, Men Doubles","ITF Men"
"ITF Poland F11, Men Singles","ITF Men"
"ITF Poland F11, Men Doubles","ITF Men"
"ITF Romania F12, Men Singles","ITF Men"
"ITF Romania F12, Men Doubles","ITF Men"
"ITF Serbia F4, Men Singles","ITF Men"
"ITF Serbia F4, Men Doubles","ITF Men"
"ITF Switzerland F5, Men Singles","ITF Men"
"ITF Switzerland F5, Men Doubles","ITF Men"
"ITF Turkey F32, Men Singles","ITF Men"
"ITF Turkey F32, Men Doubles","ITF Men"
"ITF Ukraine F4, Men Singles","ITF Men"
"ITF Ukraine F4, Men Doubles","ITF Men"
"ITF Singapore F1, Men Singles","ITF Men"
"ITF Singapore F1, Men Doubles","ITF Men"
"ITF Spain F15, Men Singles","ITF Men"
"ITF Spain F15, Men Doubles","ITF Men"
"ITF Tunisia F20, Men Singles","ITF Men"
"ITF Tunisia F20, Men Doubles","ITF Men"
"ITF Turkey F20, Men Singles","ITF Men"
"ITF Turkey F20, Men Doubles","ITF Men"
"ITF Ukraine F3, Men Singles","ITF Men"
"ITF Ukraine F3, Men Doubles","ITF Men"
"ITF China F9, Men Singles","ITF Men"
"ITF China F9, Men Doubles","ITF Men"
"ITF Japan F6, Men Singles","ITF Men"
"ITF Japan F6, Men Doubles","ITF Men"
"ITF Uzbekistan F3, Men Singles","ITF Men"
"ITF Uzbekistan F3, Men Doubles","ITF Men"
"ITF Bosnia & Herzegovina F2, Men Singles","ITF Men"
"ITF Bosnia & Herzegovina F2, Men Doubles","ITF Men"
"ITF Czech Republic F3, Men Singles","ITF Men"
"ITF Czech Republic F3, Men Doubles","ITF Men"
"ITF Italy F15, Men Singles","ITF Men"
"ITF Italy F15, Men Doubles","ITF Men"
"ITF Korea F1, Men Singles","ITF Men"
"ITF Korea F1, Men Doubles","ITF Men"
"ITF Singapore F2, Men Singles","ITF Men"
"ITF Singapore F2, Men Doubles","ITF Men"
"ITF Tunisia F21, Men Singles","ITF Men"
"ITF Tunisia F21, Men Doubles","ITF Men"
"ITF Uzbekistan F4, Men Singles","ITF Men"
"ITF Uzbekistan F4, Men Doubles","ITF Men"
"ITF Argentina F1, Men Singles","ITF Men"
"ITF Argentina F1, Men Doubles","ITF Men"
"ITF Bosnia & Herzegovina F3, Men Singles","ITF Men"
"ITF Bosnia & Herzegovina F3, Men Doubles","ITF Men"
"ITF Israel F9, Men Singles","ITF Men"
"ITF Israel F9, Men Doubles","ITF Men"
"ITF Italy F16, Men Singles","ITF Men"
"ITF Italy F16, Men Doubles","ITF Men"
"ITF Thailand F1, Men Singles","ITF Men"
"ITF Thailand F1, Men Doubles","ITF Men"
"ITF Tunisia F22, Men Singles","ITF Men"
"ITF Tunisia F22, Men Doubles","ITF Men"
"ITF Turkey F22, Men Singles","ITF Men"
"ITF Turkey F22, Men Doubles","ITF Men"
"ITF Chinese Taipei F1, Men Singles","ITF Men"
"ITF Chinese Taipei F1, Men Doubles","ITF Men"
"ITF Hungary F4, Men Singles","ITF Men"
"ITF Hungary F4, Men Doubles","ITF Men"
"ITF Turkiye F23, Men Singles","ITF Men"
"ITF Turkiye F23, Men Doubles","ITF Men"
"ITF USA F17, Men Singles","ITF Men"
"ITF USA F17, Men Doubles","ITF Men"
"ITF Argentina F2, Men Singles","ITF Men"
"ITF Argentina F2, Men Doubles","ITF Men"
"ITF Turkiye F33, Men Singles","ITF Men"
"ITF Turkiye F33, Men Doubles","ITF Men"
"ITF Ukraine F5, Men Singles","ITF Men"
"ITF Ukraine F5, Men Doubles","ITF Men"
"ITF Canada F6, Men Singles","ITF Men"
"ITF Canada F6, Men Doubles","ITF Men"
"ITF France F18, Men Singles","ITF Men"
"ITF France F18, Men Doubles","ITF Men"
"ITF Argentina F6, Men Singles","ITF Men"
"ITF Argentina F6, Men Doubles","ITF Men"
"ITF Belgium F12, Men Singles","ITF Men"
"ITF Belgium F12, Men Doubles","ITF Men"
"ITF Egypt F24, Men Singles","ITF Men"
"ITF Egypt F24, Men Doubles","ITF Men"
"ITF India F7, Men Singles","ITF Men"
"ITF India F7, Men Doubles","ITF Men"
"ITF Serbia F5, Men Singles","ITF Men"
"ITF Serbia F5, Men Doubles","ITF Men"
"ITF Tunisia F25, Men Singles","ITF Men"
"ITF Tunisia F25, Men Doubles","ITF Men"
"ITF Italy F17, Men Singles","ITF Men"
"ITF Italy F17, Men Doubles","ITF Men"
"ITF Japan F8, Men Singles","ITF Men"
"ITF Japan F8, Men Doubles","ITF Men"
"ITF Korea F3, Men Singles","ITF Men"
"ITF Korea F3, Men Doubles","ITF Men"
"ITF Poland F1, Men Singles","ITF Men"
"ITF Poland F1, Men Doubles","ITF Men"
"ITF Romania F3, Men Singles","ITF Men"
"ITF Romania F3, Men Doubles","ITF Men"
"ITF Spain F17, Men Singles","ITF Men"
"ITF Spain F17, Men Doubles","ITF Men"
"ITF Thailand F2, Men Singles","ITF Men"
"ITF Thailand F2, Men Doubles","ITF Men"
"ITF Tunisia F23, Men Singles","ITF Men"
"ITF Tunisia F23, Men Doubles","ITF Men"
"ITF USA F18, Men Singles","ITF Men"
"ITF USA F18, Men Doubles","ITF Men"
"ITF Zimbabwe F1, Men Singles","ITF Men"
"ITF Zimbabwe F1, Men Doubles","ITF Men"
"ITF Chinese Taipei F2, Men Singles","ITF Men"
"ITF Chinese Taipei F2, Men Doubles","ITF Men"
"ITF Spain F18, Men Singles","ITF Men"
"ITF Spain F18, Men Doubles","ITF Men"
"ITF USA F19, Men Singles","ITF Men"
"ITF USA F19, Men Doubles","ITF Men"
"ITF Argentina F3, Men Singles","ITF Men"
"ITF Argentina F3, Men Doubles","ITF Men"
"ITF Belgium F1, Men Singles","ITF Men"
"ITF Belgium F1, Men Doubles","ITF Men"
"ITF Guam F1, Men Singles","ITF Men"
"ITF Guam F1, Men Doubles","ITF Men"
"ITF Hong Kong F1, Men Singles","ITF Men"
"ITF Hong Kong F1, Men Doubles","ITF Men"
"ITF Israel F11, Men Singles","ITF Men"
"ITF Israel F11, Men Doubles","ITF Men"
"ITF Italy F18, Men Singles","ITF Men"
"ITF Italy F18, Men Doubles","ITF Men"
"ITF Korea F4, Men Singles","ITF Men"
"ITF Korea F4, Men Doubles","ITF Men"
"ITF Netherlands F1, Men Singles","ITF Men"
"ITF Netherlands F1, Men Doubles","ITF Men"
"ITF Romania F4, Men Singles","ITF Men"
"ITF Romania F4, Men Doubles","ITF Men"
"ITF Russia F1, Men Singles","ITF Men"
"ITF Russia F1, Men Doubles","ITF Men"
"ITF Sri Lanka F1, Men Singles","ITF Men"
"ITF Sri Lanka F1, Men Doubles","ITF Men"
"ITF Thailand F3, Men Singles","ITF Men"
"ITF Thailand F3, Men Doubles","ITF Men"
"ITF Tunisia F24, Men Singles","ITF Men"
"ITF Tunisia F24, Men Doubles","ITF Men"
"ITF Turkiye F24, Men Singles","ITF Men"
"ITF Turkiye F24, Men Doubles","ITF Men"
"ITF USA F20, Men Singles","ITF Men"
"ITF USA F20, Men Doubles","ITF Men"
"ITF Zimbabwe F2, Men Singles","ITF Men"
"ITF Zimbabwe F2, Men Doubles","ITF Men"
"ITF Belgium F2, Men Singles","ITF Men"
"ITF Belgium F2, Men Doubles","ITF Men"
"ITF Canada F3, Men Singles","ITF Men"
"ITF Canada F3, Men Doubles","ITF Men"
"ITF France F13, Men Singles","ITF Men"
"ITF France F13, Men Doubles","ITF Men"
"ITF Netherlands F2, Men Singles","ITF Men"
"ITF Netherlands F2, Men Doubles","ITF Men"
"ITF Spain F19, Men Singles","ITF Men"
"ITF Spain F19, Men Doubles","ITF Men"
"ITF USA F21, Men Singles","ITF Men"
"ITF USA F21, Men Doubles","ITF Men"
"ITF Egypt F18, Men Singles","ITF Men"
"ITF Egypt F18, Men Doubles","ITF Men"
"ITF Hong Kong F2, Men Singles","ITF Men"
"ITF Hong Kong F2, Men Doubles","ITF Men"
"ITF Israel F12, Men Singles","ITF Men"
"ITF Israel F12, Men Doubles","ITF Men"
"ITF Italy F19, Men Singles","ITF Men"
"ITF Italy F19, Men Doubles","ITF Men"
"ITF Korea F5, Men Singles","ITF Men"
"ITF Korea F5, Men Doubles","ITF Men"
"ITF Russia F2, Men Singles","ITF Men"
"ITF Russia F2, Men Doubles","ITF Men"
"ITF Sri Lanka F2, Men Singles","ITF Men"
"ITF Sri Lanka F2, Men Doubles","ITF Men"
"ITF USA F22, Men Singles","ITF Men"
"ITF USA F22, Men Doubles","ITF Men"
"ITF Zimbabwe F3, Men Singles","ITF Men"
"ITF Zimbabwe F3, Men Doubles","ITF Men"
"ITF Canada F4, Men Singles","ITF Men"
"ITF Canada F4, Men Doubles","ITF Men"
"ITF China F11, Men Singles","ITF Men"
"ITF China F11, Men Doubles","ITF Men"
"ITF France F14, Men Singles","ITF Men"
"ITF France F14, Men Doubles","ITF Men"
"ITF Spain F20, Men Singles","ITF Men"
"ITF Spain F20, Men Doubles","ITF Men"
"ITF USA F23, Men Singles","ITF Men"
"ITF USA F23, Men Doubles","ITF Men"
"ITF Austria F1, Men Singles","ITF Men"
"ITF Austria F1, Men Doubles","ITF Men"
"ITF Belgium F3, Men Singles","ITF Men"
"ITF Belgium F3, Men Doubles","ITF Men"
"ITF Czech Republic F4, Men Singles","ITF Men"
"ITF Czech Republic F4, Men Doubles","ITF Men"
"ITF Egypt F19, Men Singles","ITF Men"
"ITF Egypt F19, Men Doubles","ITF Men"
"ITF Georgia F1, Men Singles","ITF Men"
"ITF Georgia F1, Men Doubles","ITF Men"
"ITF Germany F6, Men Singles","ITF Men"
"ITF Germany F6, Men Doubles","ITF Men"
"ITF Hong Kong F3, Men Singles","ITF Men"
"ITF Hong Kong F3, Men Doubles","ITF Men"
"ITF Netherlands F3, Men Singles","ITF Men"
"ITF Netherlands F3, Men Doubles","ITF Men"
"ITF Russia F3, Men Singles","ITF Men"
"ITF Russia F3, Men Doubles","ITF Men"
"ITF Sri Lanka F3, Men Singles","ITF Men"
"ITF Sri Lanka F3, Men Doubles","ITF Men"
"ITF China F12, Men Singles","ITF Men"
"ITF China F12, Men Doubles","ITF Men"
"ITF Czech Republic F5, Men Singles","ITF Men"
"ITF Czech Republic F5, Men Doubles","ITF Men"
"ITF France F15, Men Singles","ITF Men"
"ITF France F15, Men Doubles","ITF Men"
"ITF Spain F21, Men Singles","ITF Men"
"ITF Spain F21, Men Doubles","ITF Men"
"ITF Austria F2, Men Singles","ITF Men"
"ITF Austria F2, Men Doubles","ITF Men"
"ITF Egypt F20, Men Singles","ITF Men"
"ITF Egypt F20, Men Doubles","ITF Men"
"ITF Georgia F2, Men Singles","ITF Men"
"ITF Georgia F2, Men Doubles","ITF Men"
"ITF Germany F7, Men Singles","ITF Men"
"ITF Germany F7, Men Doubles","ITF Men"
"ITF Netherlands F4, Men Singles","ITF Men"
"ITF Netherlands F4, Men Doubles","ITF Men"
"ITF Turkiye F34, Men Singles","ITF Men"
"ITF Turkiye F34, Men Doubles","ITF Men"
"ITF Canada F7, Men Singles","ITF Men"
"ITF Canada F7, Men Doubles","ITF Men"
"ITF France F19, Men Singles","ITF Men"
"ITF France F19, Men Doubles","ITF Men"
"ITF Italy F29, Men Singles","ITF Men"
"ITF Italy F29, Men Doubles","ITF Men"
"ITF Spain F29, Men Singles","ITF Men"
"ITF Spain F29, Men Doubles","ITF Men"
"ITF Argentina F7, Men Singles","ITF Men"
"ITF Argentina F7, Men Doubles","ITF Men"
"ITF Egypt F25, Men Singles","ITF Men"
"ITF Egypt F25, Men Doubles","ITF Men"
"ITF Great Britain F4, Men Singles","ITF Men"
"ITF Great Britain F4, Men Doubles","ITF Men"
"ITF India F8, Men Singles","ITF Men"
"ITF India F8, Men Doubles","ITF Men"
"ITF Tunisia F26, Men Singles","ITF Men"
"ITF Tunisia F26, Men Doubles","ITF Men"
"ITF Turkiye F35, Men Singles","ITF Men"
"ITF Turkiye F35, Men Doubles","ITF Men"
"ITF Australia F4, Men Singles","ITF Men"
"ITF Australia F4, Men Doubles","ITF Men"
"ITF Canada F8, Men Singles","ITF Men"
"ITF Canada F8, Men Doubles","ITF Men"
"ITF France F20, Men Singles","ITF Men"
"ITF France F20, Men Doubles","ITF Men"
"ITF Italy F30, Men Singles","ITF Men"
"ITF Italy F30, Men Doubles","ITF Men"
"ITF Kazakhstan F6, Men Singles","ITF Men"
"ITF Kazakhstan F6, Men Doubles","ITF Men"
"ITF Spain F30, Men Singles","ITF Men"
"ITF Spain F30, Men Doubles","ITF Men"
"ITF Bolivia F1, Men Singles","ITF Men"
"ITF Bolivia F1, Men Doubles","ITF Men"
"ITF Egypt F26, Men Singles","ITF Men"
"ITF Egypt F26, Men Doubles","ITF Men"
"ITF Great Britain F5, Men Singles","ITF Men"
"ITF Great Britain F5, Men Doubles","ITF Men"
"ITF India F9, Men Singles","ITF Men"
"ITF India F9, Men Doubles","ITF Men"
"ITF Portugal F19, Men Singles","ITF Men"
"ITF Portugal F19, Men Doubles","ITF Men"
"ITF Tunisia F27, Men Singles","ITF Men"
"ITF Tunisia F27, Men Doubles","ITF Men"
"ITF USA F31, Men Singles","ITF Men"
"ITF USA F31, Men Doubles","ITF Men"
"ITF USA F32, Men Singles","ITF Men"
"ITF USA F32, Men Doubles","ITF Men"
"ITF Turkiye F36, Men Singles","ITF Men"
"ITF Turkiye F36, Men Doubles","ITF Men"
"ITF Australia F5, Men Singles","ITF Men"
"ITF Australia F5, Men Doubles","ITF Men"
"ITF Italy F31, Men Doubles","ITF Men"
"ITF Italy F31, Men Singles","ITF Men"
"ITF Kazakhstan F7, Men Singles","ITF Men"
"ITF Kazakhstan F7, Men Doubles","ITF Men"
"ITF Portugal F20, Men Singles","ITF Men"
"ITF Portugal F20, Men Doubles","ITF Men"
"ITF Spain F31, Men Singles","ITF Men"
"ITF Spain F31, Men Doubles","ITF Men"
"ITF Sweden F3, Men Singles","ITF Men"
"ITF Sweden F3, Men Doubles","ITF Men"
"ITF Bolivia F2, Men Singles","ITF Men"
"ITF Bolivia F2, Men Doubles","ITF Men"
"ITF Egypt F27, Men Singles","ITF Men"
"ITF Egypt F27, Men Doubles","ITF Men"
"ITF France F21, Men Singles","ITF Men"
"ITF France F21, Men Doubles","ITF Men"
"ITF Tunisia F28, Men Singles","ITF Men"
"ITF Tunisia F28, Men Doubles","ITF Men"
"ITF Turkiye F37, Men Singles","ITF Men"
"ITF Turkiye F37, Men Doubles","ITF Men"
"ITF Australia F6, Men Singles","ITF Men"
"ITF Australia F6, Men Doubles","ITF Men"
"ITF France F22, Men Singles","ITF Men"
"ITF France F22, Men Doubles","ITF Men"
"ITF Italy F32, Men Singles","ITF Men"
"ITF Italy F32, Men Doubles","ITF Men"
"ITF Sweden F4, Men Singles","ITF Men"
"ITF Sweden F4, Men Doubles","ITF Men"
"ITF Bolivia F3, Men Singles","ITF Men"
"ITF Bolivia F3, Men Doubles","ITF Men"
"ITF Egypt F28, Men Singles","ITF Men"
"ITF Egypt F28, Men Doubles","ITF Men"
"ITF Portugal F21, Men Singles","ITF Men"
"ITF Portugal F21, Men Doubles","ITF Men"
"ITF Spain F32, Men Singles","ITF Men"
"ITF Spain F32, Men Doubles","ITF Men"
"ITF Thailand F7, Men Singles","ITF Men"
"ITF Thailand F7, Men Doubles","ITF Men"
"ITF Tunisia F29, Men Singles","ITF Men"
"ITF Tunisia F29, Men Doubles","ITF Men"
"ITF Turkey F38, Men Singles","ITF Men"
"ITF Turkey F38, Men Doubles","ITF Men"
"ITF Spain F33, Men Singles","ITF Men"
"ITF Spain F33, Men Doubles","ITF Men"
"ITF Australia F7, Men Singles","ITF Men"
"ITF Australia F7, Men Doubles","ITF Men"
"ITF France F23, Men Singles","ITF Men"
"ITF France F23, Men Doubles","ITF Men"
"ITF Italy F33, Men Singles","ITF Men"
"ITF Italy F33, Men Doubles","ITF Men"
"ITF Nigeria F4, Men Singles","ITF Men"
"ITF Nigeria F4, Men Doubles","ITF Men"
"ITF USA F33, Men Singles","ITF Men"
"ITF USA F33, Men Doubles","ITF Men"
"ITF Egypt F29, Men Singles","ITF Men"
"ITF Egypt F29, Men Doubles","ITF Men"
"ITF Germany F14, Men Singles","ITF Men"
"ITF Germany F14, Men Doubles","ITF Men"
"ITF Thailand F8, Men Singles","ITF Men"
"ITF Thailand F8, Men Doubles","ITF Men"
"ITF Tunisia F30, Men Singles","ITF Men"
"ITF Tunisia F30, Men Doubles","ITF Men"
"ITF Turkiye F39, Men Singles","ITF Men"
"ITF Turkiye F39, Men Doubles","ITF Men"
"ITF Thailand F9, Men Singles","ITF Men"
"ITF Thailand F9, Men Doubles","ITF Men"
"ITF France F24, Men Singles","ITF Men"
"ITF France F24, Men Doubles","ITF Men"
"ITF Italy F34, Men Singles","ITF Men"
"ITF Italy F34, Men Doubles","ITF Men"
"ITF Nigeria F5, Men Singles","ITF Men"
"ITF Nigeria F5, Men Doubles","ITF Men"
"ITF Egypt F30, Men Singles","ITF Men"
"ITF Egypt F30, Men Doubles","ITF Men"
"ITF Germany F15, Men Singles","ITF Men"
"ITF Germany F15, Men Doubles","ITF Men"
"ITF Israel F13, Men Singles","ITF Men"
"ITF Israel F13, Men Doubles","ITF Men"
"ITF Malaysia F1, Men Singles","ITF Men"
"ITF Malaysia F1, Men Doubles","ITF Men"
"ITF Tunisia F31, Men Singles","ITF Men"
"ITF Tunisia F31, Men Doubles","ITF Men"
"ITF Germany F16, Men Singles","ITF Men"
"ITF Germany F16, Men Doubles","ITF Men"
"ITF Turkey F40, Men Singles","ITF Men"
"ITF Turkey F40, Men Doubles","ITF Men"
"ITF Malaysia F2, Men Singles","ITF Men"
"ITF Malaysia F2, Men Doubles","ITF Men"
"ITF Italy F35, Men Singles","ITF Men"
"ITF Italy F35, Men Doubles","ITF Men"
"ITF Czech Republic F7, Men Singles","ITF Men"
"ITF Czech Republic F7, Men Doubles","ITF Men"
"ITF Egypt F31, Men Singles","ITF Men"
"ITF Egypt F31, Men Doubles","ITF Men"
"ITF Estonia F2, Men Singles","ITF Men"
"ITF Estonia F2, Men Doubles","ITF Men"
"ITF Greece F6, Men Singles","ITF Men"
"ITF Greece F6, Men Doubles","ITF Men"
"ITF Tunisia F32, Men Singles","ITF Men"
"ITF Tunisia F32, Men Doubles","ITF Men"
"ITF Israel F15, Men Singles","ITF Men"
"ITF Israel F15, Men Doubles","ITF Men"
"ITF Malaysia F3, Men Singles","ITF Men"
"ITF Turkey F41, Men Singles","ITF Men"
"ITF Malaysia F3, Men Doubles","ITF Men"
"ITF Turkey F41, Men Doubles","ITF Men"
"ITF Italy F36 Men Singles","ITF Men"
"ITF Italy F36 Men Doubles","ITF Men"
"ITF Czech Republic F8, Men Singles","ITF Men"
"ITF Czech Republic F8, Men Doubles","ITF Men"
"ITF Egypt F32, Men Singles","ITF Men"
"ITF Egypt F32, Men Doubles","ITF Men"
"ITF Estonia F3, Men Singles","ITF Men"
"ITF Estonia F3, Men Doubles","ITF Men"
"ITF Greece F7, Men Singles","ITF Men"
"ITF Greece F7, Men Doubles","ITF Men"
"ITF Kuwait F1, Men Singles","ITF Men"
"ITF Kuwait F1, Men Doubles","ITF Men"
"ITF Tunisia F33, Men Singles","ITF Men"
"ITF Tunisia F33, Men Doubles","ITF Men"
"ITF USA F35, Men Singles","ITF Men"
"ITF USA F35, Men Doubles","ITF Men"
"ITF Turkey F42, Men Singles","ITF Men"
"ITF Turkey F42, Men Doubles","ITF Men"
"ITF Argentina F8, Men Singles","ITF Men"
"ITF Argentina F8, Men Doubles","ITF Men"
"ITF Czech Republic F9, Men Singles","ITF Men"
"ITF Czech Republic F9, Men Doubles","ITF Men"
"ITF Egypt F33, Men Singles","ITF Men"
"ITF Egypt F33, Men Doubles","ITF Men"
"ITF Estonia F4, Men Singles","ITF Men"
"ITF Estonia F4, Men Doubles","ITF Men"
"ITF Greece F8, Men Singles","ITF Men"
"ITF Greece F8, Men Doubles","ITF Men"
"ITF Kuwait F2, Men Singles","ITF Men"
"ITF Kuwait F2, Men Doubles","ITF Men"
"ITF Tunisia F34, Men Singles","ITF Men"
"ITF Tunisia F34, Men Doubles","ITF Men"
"ITF USA F36, Men Singles","ITF Men"
"ITF USA F36, Men Doubles","ITF Men"
"ITF Vietnam F1, Men Singles","ITF Men"
"ITF Vietnam F1, Men Doubles","ITF Men"
"ITF Brazil F2, Men Singles","ITF Men"
"ITF Brazil F2, Men Doubles","ITF Men"
"ITF Mexico F5, Men Singles","ITF Men"
"ITF Mexico F5, Men Doubles","ITF Men"
"ITF Turkey F43, Men Singles","ITF Men"
"ITF Turkey F43, Men Doubles","ITF Men"
"ITF Finland F4, Men Singles","ITF Men"
"ITF Finland F4, Men Doubles","ITF Men"
"ITF Argentina F9, Men Singles","ITF Men"
"ITF Argentina F9, Men Doubles","ITF Men"
"ITF Egypt F34, Men Singles","ITF Men"
"ITF Egypt F34, Men Doubles","ITF Men"
"ITF Greece F9, Men Singles","ITF Men"
"ITF Greece F9, Men Doubles","ITF Men"
"ITF Kuwait F3, Men Singles","ITF Men"
"ITF Kuwait F3, Men Doubles","ITF Men"
"ITF Tunisia F35, Men Singles","ITF Men"
"ITF Tunisia F35, Men Doubles","ITF Men"
"ITF USA F37, Men Singles","ITF Men"
"ITF USA F37, Men Doubles","ITF Men"
"ITF Vietnam F2, Men Singles","ITF Men"
"ITF Vietnam F2, Men Doubles","ITF Men"
"ITF Chile F1, Men Singles","ITF Men"
"ITF Chile F1, Men Doubles","ITF Men"
"ITF Turkey F44, Men Singles","ITF Men"
"ITF Czech Republic F11, Men Singles","ITF Men"
"ITF Czech Republic F11, Men Doubles","ITF Men"
"ITF Turkey F44, Men Doubles","ITF Men"
"ITF USA F38, Men Singles","ITF Men"
"ITF USA F38, Men Doubles","ITF Men"
"ITF Indonesia F7, Men Singles","ITF Men"
"ITF Indonesia F7, Men Doubles","ITF Men"
"ITF Argentina F10, Men Singles","ITF Men"
"ITF Argentina F10, Men Doubles","ITF Men"
"ITF Brazil F3, Men Singles","ITF Men"
"ITF Brazil F3, Men Doubles","ITF Men"
"ITF Egypt F35, Men Singles","ITF Men"
"ITF Egypt F35, Men Doubles","ITF Men"
"ITF Greece F10, Men Singles","ITF Men"
"ITF Greece F10, Men Doubles","ITF Men"
"ITF Mexico F6, Men Singles","ITF Men"
"ITF Mexico F6, Men Doubles","ITF Men"
"ITF South Africa F1, Men Singles","ITF Men"
"ITF South Africa F1, Men Doubles","ITF Men"
"ITF Vietnam F3, Men Singles","ITF Men"
"ITF Vietnam F3, Men Doubles","ITF Men"
"ITF Tunisia F36, Men Singles","ITF Men"
"ITF Tunisia F36, Men Doubles","ITF Men"
"ITF Brazil F4, Men Singles","ITF Men"
"ITF Thailand F10, Men Singles","ITF Men"
"ITF Brazil F4, Men Doubles","ITF Men"
"ITF Mexico F7, Men Singles","ITF Men"
"ITF Mexico F7, Men Doubles","ITF Men"
"ITF Tunisia F37, Men Singles","ITF Men"
"ITF Tunisia F37, Men Doubles","ITF Men"
"ITF Thailand F10, Men Doubles","ITF Men"
"ITF Turkey F45, Men Singles","ITF Men"
"ITF Turkey F45, Men Doubles","ITF Men"
"ITF Indonesia F8, Men Singles","ITF Men"
"ITF Indonesia F8, Men Doubles","ITF Men"
"ITF USA F39, Men Singles","ITF Men"
"ITF USA F39, Men Doubles","ITF Men"
"ITF Argentina F11, Men Singles","ITF Men"
"ITF Argentina F11, Men Doubles","ITF Men"
"ITF Chile F2, Men Singles","ITF Men"
"ITF Chile F2, Men Doubles","ITF Men"
"ITF Dominican Republic F1, Men Singles","ITF Men"
"ITF Dominican Republic F1, Men Doubles","ITF Men"
"ITF Egypt F36, Men Singles","ITF Men"
"ITF Egypt F36, Men Doubles","ITF Men"
"ITF Israel F16, Men Singles","ITF Men"
"ITF Israel F16, Men Doubles","ITF Men"
"ITF South Africa F2, Men Singles","ITF Men"
"ITF South Africa F2, Men Doubles","ITF Men"
"ITF Chile F3, Men Singles","ITF Men"
"ITF Chile F3, Men Doubles","ITF Men"
"ITF Israel F17, Men Singles","ITF Men"
"ITF Israel F17, Men Doubles","ITF Men"
"ITF Tunisia F38, Men Singles","ITF Men"
"ITF Tunisia F38, Men Doubles","ITF Men"
"ITF Thailand F11, Men Singles","ITF Men"
"ITF Thailand F11, Men Doubles","ITF Men"
"ITF Turkey F46, Men Singles","ITF Men"
"ITF Turkey F46, Men Doubles","ITF Men"
"ITF Pakistan F1, Men Singles","ITF Men"
"ITF Pakistan F1, Men Doubles","ITF Men"
"ITF USA F40, Men Singles","ITF Men"
"ITF USA F40, Men Doubles","ITF Men"
"ITF Argentina F12, Men Singles","ITF Men"
"ITF Argentina F12, Men Doubles","ITF Men"
"ITF Egypt F37, Men Singles","ITF Men"
"ITF Egypt F37, Men Doubles","ITF Men"
"ITF Mexico F8, Men Singles","ITF Men"
"ITF Mexico F8, Men Doubles","ITF Men"
"ITF Qatar F4, Men Singles","ITF Men"
"ITF Qatar F4, Men Doubles","ITF Men"
"ITF South Africa F3, Men Singles","ITF Men"
"ITF South Africa F3, Men Doubles","ITF Men"
"ITF Pakistan F2, Men Singles","ITF Men"
"ITF Pakistan F2, Men Doubles","ITF Men"
"ITF Israel F18, Men Singles","ITF Men"
"ITF Israel F18, Men Doubles","ITF Men"
"ITF Tunisia F39, Men Singles","ITF Men"
"ITF Tunisia F39, Men Doubles","ITF Men"
"ITF Thailand F12, Men Singles","ITF Men"
"ITF Thailand F12, Men Doubles","ITF Men"
"ITF Turkey F47, Men Singles","ITF Men"
"ITF Turkey F47, Men Doubles","ITF Men"
"ITF Egypt F38, Men Singles","ITF Men"
"ITF Egypt F38, Men Doubles","ITF Men"
"ITF Peru F1, Men Singles","ITF Men"
"ITF Peru F1, Men Doubles","ITF Men"
"ITF Qatar F5, Men Singles","ITF Men"
"ITF Qatar F5, Men Doubles","ITF Men"
"ITF Pakistan F3, Men Singles","ITF Men"
"ITF Pakistan F3, Men Doubles","ITF Men"
"ITF Tunisia F40, Men Singles","ITF Men"
"ITF Tunisia F40, Men Doubles","ITF Men"
"ITF Turkey F48, Men Singles","ITF Men"
"ITF Turkey F48, Men Doubles","ITF Men"
"ITF Hong Kong F4, Men Singles","ITF Men"
"ITF Hong Kong F4, Men Doubles","ITF Men"
"ITF Peru F2, Men Singles","ITF Men"
"ITF Peru F2, Men Doubles","ITF Men"
"ITF Qatar F6, Men Singles","ITF Men"
"ITF Qatar F6, Men Doubles","ITF Men"
"ITF Hong Kong F5, Men Singles","ITF Men"
"ITF Hong Kong F5, Men Doubles","ITF Men"
"ITF Germany F13, Men Singles","ITF Men"
"ITF Germany F13, Men Doubles","ITF Men"
"ITF Norway F1, Men Singles","ITF Men"
"ITF Norway F1, Men Doubles","ITF Men"
"ITF France F12, Men Singles","ITF Men"
"ITF France F12, Men Doubles","ITF Men"
"ITF Kazakhstan F8, Men Singles","ITF Men"
"ITF Kazakhstan F8, Men Doubles","ITF Men"
"ITF Italy F1, Men Singles","ITF Men"
"ITF Italy F1, Men Doubles","ITF Men"
"ITF Cameroon F2, Men Singles","ITF Men"
"ITF Cameroon F2, Men Doubles","ITF Men"
"ITF Korea F6, Men Singles","ITF Men"
"ITF Korea F6, Men Doubles","ITF Men"
"ITF Mexico F16, Men Singles","ITF Men"
"ITF Mexico F16, Men Doubles","ITF Men"
"ITF Tunisia F43, Men Singles","ITF Men"
"ITF Tunisia F43, Men Doubles","ITF Men"
"ITF Russia F8, Men Singles","ITF Men"
"ITF Russia F8, Men Doubles","ITF Men"
"ITF Mozambique F2, Men Singles","ITF Men"
"ITF Mozambique F2, Men Doubles","ITF Men"
"ITF Brazil F1, Men Singles","ITF Men"
"ITF Brazil F1, Men Doubles","ITF Men"
"ITF Egypt F17, Men Singles","ITF Men"
"ITF Egypt F17, Men Doubles","ITF Men"
"ITF Tunisia F41, Men Singles","ITF Men"
"ITF Tunisia F41, Men Doubles","ITF Men"
"ITF Men Sajur. Israel Men Doubles","ITF Men"
"ITF Mexico F14, Men Singles","ITF Men"
"ITF Mexico F14, Men Doubles","ITF Men"
"ITF Uganda F2, Men Singles","ITF Men"
"ITF Uganda F2, Men Doubles","ITF Men"
"ITF Australia F8, Men Singles","ITF Men"
"ITF Australia F8, Men Doubles","ITF Men"
"ITF Egypt F16, Men Singles","ITF Men"
"ITF Egypt F16, Men Doubles","ITF Men"
"ITF Uganda F1, Men Singles","ITF Men"
"ITF Uganda F1, Men Doubles","ITF Men"
"ITF Mexico F11, Men Singles","ITF Men"
"ITF Mexico F11, Men Doubles","ITF Men"
"ITF Brazil F6, Men Singles","ITF Men"
"ITF Brazil F6, Men Doubles","ITF Men"
"ITF Tunisia F44, Men Singles","ITF Men"
"ITF Tunisia F44, Men Doubles","ITF Men"
"ITF Mexico F10, Men Singles","ITF Men"
"ITF Mexico F10, Men Doubles","ITF Men"
"ITF Uganda F3, Men Singles","ITF Men"
"ITF Uganda F3, Men Doubles","ITF Men"
"ITF Uganda F4, Men Singles","ITF Men"
"ITF Uganda F4, Men Doubles","ITF Men"
"ITF France F11, Men Singles","ITF Men"
"ITF France F11, Men Doubles","ITF Men"
"ITF Lebanon F1, Men Singles","ITF Men"
"ITF Lebanon F1, Men Doubles","ITF Men"
"ITF Romania F13, Men Singles","ITF Men"
"ITF Romania F13, Men Doubles","ITF Men"
"ITF Panama F4, Men Singles","ITF Men"
"ITF Panama F4, Men Doubles","ITF Men"
"ITF Peru F3, Men Singles","ITF Men"
"ITF Peru F3, Men Doubles","ITF Men"
"ITF Brazil F8, Men Singles","ITF Men"
"ITF Brazil F8, Men Doubles","ITF Men"
"ITF Bulgaria F3, Men Singles","ITF Men"
"ITF Bulgaria F3, Men Doubles","ITF Men"
"ITF Georgia F4, Men Singles","ITF Men"
"ITF Georgia F4, Men Doubles","ITF Men"
"ITF Tunisia F42, Men Singles","ITF Men"
"ITF Tunisia F42, Men Doubles","ITF Men"
"ITF Tunisia F45, Men Singles","ITF Men"
"ITF Tunisia F45, Men Doubles","ITF Men"
"ITF Men Kunshan, China Men Doubles","ITF Men"
"ITF USA F28, Men Singles","ITF Men"
"ITF USA F28B, Men Doubles","ITF Men"
"ITF Lebanon F2, Men Singles","ITF Men"
"ITF Lebanon F2, Men Doubles","ITF Men"
"ITF USA F19B, Men Singles","ITF Men"
"ITF USA F19B, Men Doubles","ITF Men"
"ITF Ecuador F1, Men Singles","ITF Men"
"ITF Ecuador F1, Men Doubles","ITF Men"
"ITF Ecuador F2, Men Singles","ITF Men"
"ITF Ecuador F2, Men Doubles","ITF Men"
"ITF USA F29, Men Singles","ITF Men"
"ITF USA F29, Men Doubles","ITF Men"
"ITF Spain F24, Men Singles","ITF Men"
"ITF Spain F24, Men Doubles","ITF Men"
"ITF Uzbekistan F5, Men Singles","ITF Men"
"ITF Mexico F26, Men Singles","ITF Men"
"ITF Mexico F26, Men Doubles","ITF Men"
"ITF Cameroon F1, Men Singles","ITF Men"
"ITF Cameroon F1, Men Doubles","ITF Men"
"ITF Uzbekistan F6, Men Singles","ITF Men"
"ITF Uzbekistan F6, Men Doubles","ITF Men"
"ITF Mexico F9, Men Singles","ITF Men"
"ITF Mexico F9, Men Doubles","ITF Men"
"ITF Portugal F22, Men Singles","ITF Men"
"ITF Portugal F22, Men Doubles","ITF Men"
"ITF Vietnam F5, Men Singles","ITF Men"
"ITF Vietnam F5, Men Doubles","ITF Men"
"ITF Brazil F7, Men Singles","ITF Men"
"ITF Brazil F7, Men Doubles","ITF Men"
"ITF USA F41, Men Singles","ITF Men"
"ITF USA F41, Men Doubles","ITF Men"
"ITF Mexico F12, Men Singles","ITF Men"
"ITF Mexico F12, Men Doubles","ITF Men"
"ITF Dominican Republic F3, Men Singles","ITF Men"
"ITF Dominican Republic F3, Men Doubles","ITF Men"
"ITF Bosnia & Herzegovina F4, Men Singles","ITF Men"
"ITF Bosnia & Herzegovina F4, Men Doubles","ITF Men"
"ITF Ghana F1, Men Singles","ITF Men"
"ITF Ghana F1, Men Doubles","ITF Men"
"ITF USA F14B, Men Singles","ITF Men"
"ITF USA F14B, Men Doubles","ITF Men"
"ITF Romania F6, Men Singles","ITF Men"
"ITF Romania F6, Men Doubles","ITF Men"
"ITF Mexico F25, Men Singles","ITF Men"
"ITF Mexico F25, Men Doubles","ITF Men"
"ITF Mexico F13, Men Singles","ITF Men"
"ITF Mexico F13, Men Doubles","ITF Men"
"ITF Mexico F15, Men Singles","ITF Men"
"ITF Mexico F15, Men Doubles","ITF Men"
"ITF Mexico F18, Men Singles","ITF Men"
"ITF Mexico F18, Men Doubles","ITF Men"
"ITF Mexico F17, Men Doubles","ITF Men"
"ITF Mexico F17, Men Singles","ITF Men"
"ITF Bulgaria F4, Men Singles","ITF Men"
"ITF Bulgaria F4, Men Doubles","ITF Men"
"ITF Bulgaria F5, Men Singles","ITF Men"
"ITF Bulgaria F5, Men Doubles","ITF Men"
"ITF Mexico F19, Men Doubles","ITF Men"
"ITF Mexico F19, Men Singles","ITF Men"
"ITF Paraguay F1, Men Singles","ITF Men"
"ITF Paraguay F1, Men Doubles","ITF Men"
"ITF Mexico F20, Men Doubles","ITF Men"
"ITF Mexico F20, Men Singles","ITF Men"
"ITF Spain F1B, Men Doubles","ITF Men"
"ITF Spain F1B, Men Singles","ITF Men"
"ITF Argentina F22, Men Doubles","ITF Men"
"ITF Argentina F22, Men Singles","ITF Men"
"ITF Mexico F23, Men Doubles","ITF Men"
"ITF Mexico F23, Men Singles","ITF Men"
"ITF Great Britain F7, Men Doubles","ITF Men"
"ITF Great Britain F7, Men Singles","ITF Men"
"ITF Kazakhstan F9, Men Doubles","ITF Men"
"ITF Kazakhstan F9, Men Singles","ITF Men"
"ITF China F15, Men Doubles","ITF Men"
"ITF China F15, Men Singles","ITF Men"
"ITF France F1B, Men Doubles","ITF Men"
"ITF France F1B, Men Singles","ITF Men"
"ITF Mexico F24, Men Doubles","ITF Men"
"ITF Mexico F24, Men Singles","ITF Men"
"ITF Ukraine F6, Men Doubles","ITF Men"
"ITF Ukraine F6, Men Singles","ITF Men"
"ITF China F16, Men Doubles","ITF Men"
"ITF China F16, Men Singles","ITF Men"
"ITF El Salvador F1, Men Singles","ITF Men"
"ITF El Salvador F1, Men Doubles","ITF Men"
"ITF USA F6B, Men Doubles","ITF Men"
"ITF USA F6B, Men Singles","ITF Men"
"ITF USA F42, Men Singles","ITF Men"
"ITF USA F42, Men Doubles","ITF Men"
"ITF Argentina F23, Men Doubles","ITF Men"
"ITF Argentina F23, Men Singles","ITF Men"
"ITF Mexico F27, Men Doubles","ITF Men"
"ITF Mexico F27, Men Singles","ITF Men"
"ITF Tunisia F46, Men Doubles","ITF Men"
"ITF Tunisia F46, Men Singles","ITF Men"
"ITF Spain F34, Men Singles","ITF Men"
"ITF Spain F34, Men Doubles","ITF Men"
"ITF USA F43, Men Singles","ITF Men"
"ITF USA F43, Men Doubles","ITF Men"
"ITF Mexico F28, Men Doubles","ITF Men"
"ITF Mexico F28, Men Singles","ITF Men"
"ITF Tunisia F47, Men Doubles","ITF Men"
"ITF Tunisia F47, Men Singles","ITF Men"
"ITF USA F38B, Men Doubles","ITF Men"
"ITF USA F38B, Men Singles","ITF Men"
"ITF Mexico F29, Men Doubles","ITF Men"
"ITF Mexico F29, Men Singles","ITF Men"
"ITF Tunisia F48, Men Doubles","ITF Men"
"ITF Tunisia F48, Men Singles","ITF Men"
"ITF Mexico F30, Men Singles","ITF Men"
"ITF Mexico F30, Men Doubles","ITF Men"
"ITF Tunisia F49, Men Singles","ITF Men"
"ITF Tunisia F49, Men Doubles","ITF Men"
"ITF Tunisia F50, Men Singles","ITF Men"
"ITF Tunisia F50, Men Doubles","ITF Men"
"ITF Uruguay F1, Men Singles","ITF Men"
"ITF Uruguay F1, Men Doubles","ITF Men"
"ITF Mexico F31, Men Doubles","ITF Men"
"ITF Mexico F31, Men Singles","ITF Men"
"ITF Tunisia F51, Men Doubles","ITF Men"
"ITF Tunisia F51, Men Singles","ITF Men"
"ITF Tunisia F52, Men Doubles","ITF Men"
"ITF Tunisia F52, Men Singles","ITF Men"
"ITF Mexico F32, Men Doubles","ITF Men"
"ITF Mexico F32, Men Singles","ITF Men"
"ITF Tunisia F53, Men Singles","ITF Men"
"ITF Tunisia F53, Men Doubles","ITF Men"
"ITF New Zealand F1, Men Singles","ITF Men"
"ITF New Zealand F1, Men Doubles","ITF Men"
"ITF Slovakia F8, Men Doubles","ITF Men"
"ITF Slovakia F8, Men Singles","ITF Men"
"ITF Greece F11, Men Doubles","ITF Men"
"ITF Greece F11, Men Singles","ITF Men"
"ITF Greece F12, Men Doubles","ITF Men"
"ITF Greece F12, Men Singles","ITF Men"
"ITF Slovakia F6, Men Singles","ITF Men"
"ITF Slovakia F6, Men Doubles","ITF Men"
"ITF Greece F13, Men Singles","ITF Men"
"ITF Greece F13, Men Doubles","ITF Men"
"ITF Spain F25B, Men Doubles","ITF Men"
"ITF Spain F25B, Men Singles","ITF Men"
"ITF Slovakia F4, Men Singles","ITF Men"
"ITF Slovakia F4, Men Doubles","ITF Men"
"ITF India F1B, Men Singles","ITF Men"
"ITF India F1B, Men Doubles","ITF Men"
"ITF Slovakia F5, Men Doubles","ITF Men"
"ITF Slovakia F5, Men Singles","ITF Men"
"ITF Croatia F5, Men Doubles","ITF Men"
"ITF Croatia F5, Men Singles","ITF Men"
"ITF Slovenia F1, Men Doubles","ITF Men"
"ITF Slovenia F1, Men Singles","ITF Men"
"Bosnia & Herzegovina F5, Men Singles","ITF Men"
"Bosnia & Herzegovina F5, Men Doubles","ITF Men"
"ITF Luxembourg F1, Men Singles","ITF Men"
"ITF Luxembourg F1, Men Doubles","ITF Men"
"ITF Denmark F1, Men Singles","ITF Men"
"ITF Denmark F1, Men Doubles","ITF Men"
"ITF Denmark F2, Men Doubles","ITF Men"
"ITF Denmark F2, Men Singles","ITF Men"
"ITF Switzerland F6, Men Doubles","ITF Men"
"ITF Switzerland F6, Men Singles","ITF Men"
"ITF Switzerland F7, Men Doubles","ITF Men"
"ITF Switzerland F7, Men Singles","ITF Men"
"ITF Slovakia F7, Men Doubles","ITF Men"
"ITF Slovakia F7, Men Singles","ITF Men"
"ITF Montenegro F1, Men Singles","ITF Men"
"ITF Montenegro F1, Men Doubles","ITF Men"
"ITF Slovakia F9, Men Singles","ITF Men"
"ITF Slovakia F9, Men Doubles","ITF Men"
"Colombia F5, Men Doubles","ITF Men"
"Colombia F5, Men Singles","ITF Men"
"ITF Montenegro F2, Men Doubles","ITF Men"
"ITF Montenegro F2, Men Singles","ITF Men"
"ITF Colombia F6, Men Singles","ITF Men"
"ITF Colombia F6, Men Doubles","ITF Men"
"ITF Montenegro F4, Men Singles","ITF Men"
"ITF Montenegro F4, Men Doubles","ITF Men"
"ITF Montenegro F3, Men Singles","ITF Men"
"ITF Montenegro F3, Men Doubles","ITF Men"
"ITF North Macedonia F3, Men Doubles","ITF Men"
"ITF North Macedonia F3, Men Singles","ITF Men"
"ITF Bulgaria F2, Men Singles","ITF Men"
"ITF Bulgaria F2, Men Doubles","ITF Men"
"ITF Kazakhstan F10, Men Doubles","ITF Men"
"ITF Kazakhstan F10, Men Singles","ITF Men"
"ITF Ecuador F03, Men Doubles","ITF Men"
"ITF Ecuador F03, Men Singles","ITF Men"
"ITF Kazakhstan F11, Men Doubles","ITF Men"
"ITF Kazakhstan F11, Men Singles","ITF Men"
"ITF Italy F15B, Men Doubles","ITF Men"
"ITF Colombia F7, Men Singles","ITF Men"
"ITF Colombia F7, Men Doubles","ITF Men"
"ITF Guatemala F1, Men Doubles","ITF Men"
"ITF GuatemalaF1, Men Singles","ITF Men"
"Dominican Republic F4, Men Singles","ITF Men"
"ITF Dominican Republic F4, Men Doubles","ITF Men"
"ITF South Africa F4, Men Singles","ITF Men"
"ITF South Africa F4, Men Doubles","ITF Men"
"ITF Dominican Republic F5, Men Doubles","ITF Men"
"ITF Dominican Republic F5, Men Singles","ITF Men"
"ITF Great Britain F8, Men Doubles","ITF Men"
"ITF Great Britain F8, Men Singles","ITF Men"
"ITF Croatia F6, Men Doubles","ITF Men"
"ITF Croatia F6, Men Singles","ITF Men"
"ITF Montenegro F5, Men Doubles","ITF Men"
"ITF Montenegro F5, Men Singles","ITF Men"
"ITF Algeria F1, Men Doubles","ITF Men"
"ITF Algeria F1, Men Singles","ITF Men"
"Algeria F2 Men Doubles","ITF Men"
"Algeria F2 Men Singles","ITF Men"
"Montenegro F6 Men Doubles","ITF Men"
"Montenegro F6 Men Singles","ITF Men"
"ITF Guam F2, Men Doubles","ITF Men"
"ITF Guam F2, Men Singles","ITF Men"
"ITF Dominican Republic F6, Men Doubles","ITF Men"
"ITF Dominican Republic F6, Men Singles","ITF Men"
"ITF Ecuador F3, Men Doubles","ITF Men"
"ITF Ecuador F3, Men Singles","ITF Men"
"ITF Montenegro F7, Men Doubles","ITF Men"
"ITF Montenegro F7, Men Singles","ITF Men"
"ITF North Macedonia F4, Men Doubles","ITF Men"
"ITF North Macedonia F4, Men Singles","ITF Men"
"ITF Ecuador F04, Men Doubles","ITF Men"
"ITF Ecuador F04, Men Singles","ITF Men"
"ITF Slovenia F2, Men Singles","ITF Men"
"ITF Slovenia F2, Men Doubles","ITF Men"
"ITF Great Britain F13, Men Doubles","ITF Men"
"ITF Great Britain F13, Men Singles","ITF Men"
"ITF Slovenia F3, Men Doubles","ITF Men"
"ITF Slovenia F3, Men Singles","ITF Men"
"ITF Italy F15B, Men Singles","ITF Men"
"ITF Great Britain F11, Men Singles","ITF Men"
"ITF Great Britain F11, Men Doubles","ITF Men"
"ITF Austria F7, Men Singles","ITF Men"
"ITF Austria F7, Men Doubles","ITF Men"
"ITF Great Britain F10, Men Doubles","ITF Men"
"ITF Great Britain F10, Men Singles","ITF Men"
"ITF Ecuador F5, Men Doubles","ITF Men"
"ITF Ecuador F5, Men Singles","ITF Men"
"ITF Ecuador F6, Men Singles","ITF Men"
"ITF Ecuador F6, Men Doubles","ITF Men"
"ITF Great Britain F14, Men Singles","ITF Men"
"ITF Great Britain F14, Men Doubles","ITF Men"
"ITF Slovenia F4, Men Singles","ITF Men"
"ITF Slovenia F4, Men Doubles","ITF Men"
"ITF Egypt F39, Men Singles","ITF Men"
"ITF Egypt F39, Men Doubles","ITF Men"
"ITF Great Britain F12, Men Singles","ITF Men"
"ITF Great Britain F12, Men Doubles","ITF Men"
"ITF Slovenia F5 Men Singles","ITF Men"
"ITF Slovenia F5 Men Doubles","ITF Men"
"ITF Egypt F40, Men Singles","ITF Men"
"ITF Egypt F40, Men Doubles","ITF Men"
"ITF Slovenia F6, Men Singles","ITF Men"
"ITF Slovenia F6, Men Doubles","ITF Men"
"ITF Egypt F41, Men Singles","ITF Men"
"ITF Egypt F41, Men Doubles","ITF Men"
"ITF Morocco F7, Men Singles","ITF Men"
"ITF Morocco F7, Men Doubles","ITF Men"
"ITF Morocco F8, Men Doubles","ITF Men"
"ITF Morocco F8, Men Singles","ITF Men"
"ITF Australia F9, Men Singles","ITF Men"
"ITF Australia F9, Men Doubles","ITF Men"
"ITF Australia F10, Men Doubles","ITF Men"
"ITF Australia F10, Men Singles","ITF Men"
"ITF Sweden F8, Men Doubles","ITF Men"
"ITF Sweden F8, Men Singles","ITF Men"
"ITF Sweden F9, Men Doubles","ITF Men"
"ITF Sweden F9, Men Singles","ITF Men"
"ITF Australia F11, Men Singles","ITF Men"
"ITF Australia F11, Men Doubles","ITF Men"
"ITF Great Britain F16 Men Singles","ITF Men"
"ITF Great Britain F16 Men Doubles","ITF Men"
"ITF Colombia F4 Men Singles","ITF Men"
"ITF Colombia F4 Men Doubles","ITF Men"
"ITF Great Britain F17 Men Doubles","ITF Men"
"ITF Great Britain F17, Men Singles","ITF Men"
"2022 ITF Australia F12, Men Doubles","ITF Men"
"ITF Australia F12, Men Singles","ITF Men"
"ITF Great Britain F15, Men Doubles","ITF Men"
"ITF Great Britain F15, Men Singles","ITF Men"
"ITF USA F45, Men Singles","ITF Men"
"ITF USA F45, Men Doubles","ITF Men"
"ITF Tunisia F54, Men Doubles","ITF Men"
"ITF Tunisia F54, Men Singles","ITF Men"
"ITF USA F44, Men Doubles","ITF Men"
"ITF USA F44, Men Singles","ITF Men"
"ITF Tunisia F55, Men Doubles","ITF Men"
"ITF Tunisia F55, Men Singles","ITF Men"
"ITF Australia F13, Men Doubles","ITF Men"
"ITF Australia F13, Men Singles","ITF Men"
"ITF Australia F14, Men Doubles","ITF Men"
"ITF Australia F14, Men Singles","ITF Men"
"ITF Tunisia F56, Men Doubles","ITF Men"
"ITF Tunisia F56, Men Singles","ITF Men"
"ITF Tunisia F57, Men Doubles","ITF Men"
"ITF Tunisia F57, Men Singles","ITF Men"
"ITF Dominican Republic F7, Men Doubles","ITF Men"
"ITF Dominican Republic F7, Men Singles","ITF Men"
"ITF Tunisia F58, Men Doubles","ITF Men"
"ITF Tunisia F58 Men Singles","ITF Men"
"ITF Tunisia F59 Men Doubles","ITF Men"
"ITF Tunisia F59 Men Singles","ITF Men"
"ITF Dominican Republic F8 Men Doubles","ITF Men"
"ITF Dominican Republic F8 Men Singles","ITF Men"
"ITF Tunisia F60 Men Doubles","ITF Men"
"ITF Tunisia F60, Men Singles","ITF Men"
"ITF Tunisia F61 Men Doubles","ITF Men"
"ITF Tunisia F61 Men Singles","ITF Men"
"ITF New Zealand F2, Men Doubles","ITF Men"
"ITF New Zealand F2, Men Singles","ITF Men"
"ITF Tunisia F62, Men Doubles","ITF Men"
"ITF Tunisia F62, Men Singles","ITF Men"
"ITF Tunisia F63, Men Doubles","ITF Men"
"ITF Tunisia F63, Men Singles","ITF Men"
"ITF USA F3B, Men Doubles","ITF Men"
"ITF USA F3B, Men Singles","ITF Men"
"ITF Iran F1, Men Doubles","ITF Men"
"ITF Iran F1, Men Singles","ITF Men"
"ITF Iran F2, Men Doubles","ITF Men"
"Iran F2 Men Singles","ITF Men"
"ITF Trinidad & Tobago F1, Men Singles","ITF Men"
"ITF Trinidad & Tobago F1, Men Doubles","ITF Men"
"ITF Trinidad and Tobago F2, Men Doubles","ITF Men"
"ITF Trinidad and Tobago F2, Men Singles","ITF Men"
"ITF Cyprus F1, Men Doubles","ITF Men"
"ITF Cyprus F1, Men Singles","ITF Men"
"ITF Cyprus F2, Men Singles","ITF Men"
"ITF Cyprus F2, Men Doubles","ITF Men"
"ITF Cyprus F3, Men Doubles","ITF Men"
"ITF Cyprus F3, Men Singles","ITF Men"
"ITF Ethiopia F1 Men Doubles","ITF Men"
"ITF Ethiopia F1 Men Single","ITF Men"
"ITF Ethiopia F2 Men Doubles","ITF Men"
"ITF Ethiopia F2 Men Singles","ITF Men"
"ITF Serbia F6, Men Singles","ITF Men"
"ITF Serbia F6, Men Doubles","ITF Men"
"ITF Serbia F7, Men Doubles","ITF Men"
"ITF Serbia F7, Men Singles","ITF Men"
"ITF North Macedonia F1, Men Doubles","ITF Men"
"ITF North Macedonia F1, Men Singles","ITF Men"
"ITF Iran F3, Men Doubles","ITF Men"
"Iran F3 Men Singles","ITF Men"
"ITF Iran F4, Men Singles","ITF Men"
"ITF Iran F4, Men Doubles","ITF Men"
"ITF Serbia F8, Men Singles","ITF Men"
"ITF Serbia F8, Men Doubles","ITF Men"
"ITF Germany F12B, Men Singles","ITF Men"
"ITF Germany F12B, Men Doubles","ITF Men"
"ITF Serbia F9, Men Singles","ITF Men"
"ITF Serbia F9, Men Doubles","ITF Men"
"ITF Indonesia F9, Men Singles","ITF Men"
"ITF Indonesia F9, Men Doubles","ITF Men"
"ITF Indonesia F10, Men Doubles","ITF Men"
"ITF Indonesia F10, Men Singles","ITF Men"
"ITF Serbia F10, Men Doubles","ITF Men"
"ITF Serbia F10, Men Singles","ITF Men"
"ITF Luxembourg F2, Men Doubles","ITF Men"
"ITF Luxembourg F2, Men Singles","ITF Men"
"ITF Congo Republic F1, Men Doubles","ITF Men"
"ITF Congo Republic F1, Men Singles","ITF Men"
"ITF Great Britain F9, Men Doubles","ITF Men"
"ITF Great Britain F9, Men Singles","ITF Men"
"ITF Serbia F11, Men Singles","ITF Men"
"ITF Serbia F11, Men Doubles","ITF Men"
"ITF Germany F17 Men Singles","ITF Men"
"ITF Germany F17, Men Doubles","ITF Men"
"ITF Portugal F11B, Men Singles","ITF Men"
"ITF Portugal F11B, Men Doubles","ITF Men"
"ITF Congo F2, Men Singles","ITF Men"
"ITF Congo F2, Men Doubles","ITF Men"
"ITF Serbia F12, Men Singles","ITF Men"
"ITF Serbia F12, Men Doubles","ITF Men"
"ITF Indonesia F11 Men Doubles","ITF Men"
"ITF Indonesia F11 Men Singles","ITF Men"
"ITF Germany F18 Men Singles","ITF Men"
"ITF Croatia F7, Men Doubles","ITF Men"
"ITF Croatia F7, Men Singles","ITF Men"
"ITF Indonesia F12, Men Doubles","ITF Men"
"ITF Indonesia F12 Men Singles","ITF Men"
"ITF Austria F8, Men Singles","ITF Men"
"ITF Austria F8, Men Doubles","ITF Men"
"ITF Germany F19, Men Singles","ITF Men"
"ITF Germany F19, Men Doubles","ITF Men"
"ITF Romania F7B, Men Singles","ITF Men"
"ITF Romania F7B, Men Doubles","ITF Men"
"ITF Belgium F6B, Men Singles","ITF Men"
"ITF Belgium F6B, Men Doubles","ITF Men"
"ITF Germany F20, Men Singles","ITF Men"
"ITF Germany F20, Men Doubles","ITF Men"
"ITF Germany F21, Men Singles","ITF Men"
"ITF Germany F21, Men Doubles","ITF Men"
"ITF Serbia F15, Men Singles","ITF Men"
"ITF Serbia F15, Men Doubles","ITF Men"
"Rwanda F1 Men Singles","ITF Men"
"Rwanda F1 Men Doubles","ITF Men"
"ITF Serbia F18, Men Singles","ITF Men"
"ITF Serbia F18, Men Doubles","ITF Men"
"ITF Poland F3B, Men Singles","ITF Men"
"ITF Poland F3B, Men Doubles","ITF Men"
"ITF Rwanda F2, Men Singles","ITF Men"
"ITF Rwanda F2, Men Doubles","ITF Men"
"ITF Germany F23, Men Singles","ITF Men"
"ITF Germany F23, Men Doubles","ITF Men"
"ITF Serbia F16, Men Singles","ITF Men"
"ITF Serbia F16, Men Doubles","ITF Men"
"ITF Romania F1B, Men Singles","ITF Men"
"ITF Romania F1B, Men Doubles","ITF Men"
"ITF Serbia F17, Men Doubles","ITF Men"
"ITF Serbia F17, Men Singles","ITF Men"
"ITF Bulgaria F1B, Men Singles","ITF Men"
"ITF Bulgaria F1B, Men Doubles","ITF Men"
"ITF Serbia F19, Men Singles","ITF Men"
"ITF Serbia F19, Men Doubles","ITF Men"
"ITF Austria F9, Men Doubles","ITF Men"
"ITF Austria F9, Men Singles","ITF Men"
"ITF Spain F35 Men Doubles","ITF Men"
"ITF Spain F35 Men Singles","ITF Men"
"ITF Spain F40, Men Doubles","ITF Men"
"ITF Spain F40, Men Singles","ITF Men"
"ITF Georgia F5, Men Doubles","ITF Men"
"ITF Georgia F5, Men Singles","ITF Men"
"ITF Spain F37, Men Singles","ITF Men"
"ITF Spain F37, Men Doubles","ITF Men"
"ITF USA F46, Men Singles","ITF Men"
"ITF USA F46, Men Doubles","ITF Men"
"ITF Cyprus F4, Men Doubles","ITF Men"
"ITF Cyprus F4 Men Singles","ITF Men"
"ITF Cyprus F5 Men Singles","ITF Men"
"ITF Cyprus F5, Men Doubles","ITF Men"
"Kuwait F4 Men Doubles","ITF Men"
"Kuwait F4 Men Singles","ITF Men"
"ITF Spain F42, Men Doubles","ITF Men"
"ITF Spain F42, Men Singles","ITF Men"
"ITF Spain F36 Men Doubles","ITF Men"
"ITF Spain F36 Men Singles","ITF Men"
"Kuwait F5 Men Doubles","ITF Men"
"Kuwait F5 Men Singles","ITF Men"
"ITF Kuwait F6, Men Singles","ITF Men"
"ITF Kuwait F6, Men Doubles","ITF Men"
"ITF Spain F41, Men Singles","ITF Men"
"ITF Spain F41, Men Doubles","ITF Men"
"ITF Uruguay F2, Men Singles","ITF Men"
"ITF Uruguay F2, Men Doubles","ITF Men"
"ITF Uruguay F3, Men Doubles","ITF Men"
"ITF Uruguay F3, Men Singles","ITF Men"
"ITF Uruguay F4, Men Singles","ITF Men"
"ITF Uruguay F4, Men Doubles","ITF Men"
"ITF Jamaica F1, Men Doubles","ITF Men"
"ITF Jamaica F1, Men Singles","ITF Men"
"ITF Jamaica F2, Men Singles","ITF Men"
"ITF Jamaica F2, Men Doubles","ITF Men"
"ITF Croatia F10, Men Singles","ITF Men"
"ITF Croatia F10, Men Doubles","ITF Men"
"ITF Jamaica F3, Men Singles","ITF Men"
"ITF Jamaica F3, Men Doubles","ITF Men"
"ITF South Africa F5, Men Singles","ITF Men"
"ITF South Africa F5, Men Doubles","ITF Men"
"ITF Serbia F13, Men Singles","ITF Men"
"ITF Serbia F13, Men Doubles","ITF Men"
"ITF Slovenia F8, Men Singles","ITF Men"
"ITF Slovenia F8, Men Doubles","ITF Men"
"ITF South Africa F6, Men Singles","ITF Men"
"ITF South Africa F6, Men Doubles","ITF Men"
"ITF Croatia F8, Men Singles","ITF Men"
"ITF Croatia F8, Men Doubles","ITF Men"
"ITF Slovenia F11, Men Singles","ITF Men"
"ITF Slovenia F11, Men Doubles","ITF Men"
"ITF Serbia F14, Men Singles","ITF Men"
"ITF Serbia F14, Men Doubles","ITF Men"
"ITF Japan F10, Men Singles","ITF Men"
"ITF Japan F10, Men Doubles","ITF Men"
"ITF Slovenia F10, Men Singles","ITF Men"
"ITF Slovenia F10, Men Doubles","ITF Men"
"ITF Slovenia F13, Men Doubles","ITF Men"
"ITF Slovenia F13, Men Singles","ITF Men"
"ITF Slovenia F14, Men Singles","ITF Men"
"ITF Slovenia F14, Men Doubles","ITF Men"
"ITF Romania F15, Men Singles","ITF Men"
"ITF Romania F15, Men Doubles","ITF Men"
"ITF Serbia F20, Men Singles","ITF Men"
"ITF Serbia F20, Men Doubles","ITF Men"
"ITF Romania F16, Men Singles","ITF Men"
"ITF Romania F16, Men Doubles","ITF Men"
"ITF Slovenia F15, Men Singles","ITF Men"
"ITF Slovenia F15, Men Doubles","ITF Men"
"ITF Serbia F21, Men Singles","ITF Men"
"ITF Serbia F21, Men Doubles","ITF Men"
"ITF Japan F11, Men Singles","ITF Men"
"ITF Japan F11, Men Doubles","ITF Men"
"ITF France F25, Men Singles","ITF Men"
"ITF France F25, Men Doubles","ITF Men"
"ITF Serbia F22, Men Singles","ITF Men"
"ITF Serbia F22, Men Doubles","ITF Men"
"ITF Romania F17, Men Singles","ITF Men"
"ITF Romania F17, Men Doubles","ITF Men"
"ITF Japan F12, Men Singles","ITF Men"
"ITF Japan F12, Men Doubles","ITF Men"
"ITF France F26, Men Singles","ITF Men"
"ITF France F26, Men Doubles","ITF Men"
"ITF Spain F43, Men Singles","ITF Men"
"ITF Spain F43, Men Doubles","ITF Men"
"ITF Iran F7 Men Singles","ITF Men"
"ITF Iran F7 Men Doubles","ITF Men"
"ITF Serbia F23 Men Singles","ITF Men"
"ITF Serbia F23 Men Doubles","ITF Men"
"ITF Romania F18 Men Singles","ITF Men"
"ITF Romania F18 Men Doubles","ITF Men"
"ITF Romania F19 Men Singles","ITF Men"
"ITF Romania F19 Men Doubles","ITF Men"
"ITF Iran F8 Men Singles","ITF Men"
"ITF Iran F8 Men Doubles","ITF Men"
"ITF Serbia F24 Men Singles","ITF Men"
"ITF Serbia F24 Men Doubles","ITF Men"
"ITF Paraguay F3 Men Singles","ITF Men"
"ITF Paraguay F3 Men Doubles","ITF Men"
"ITF Serbia F25 Men Singles","ITF Men"
"ITF Serbia F25 Men Doubles","ITF Men"
"ITF Romania F20 Men Singles","ITF Men"
"ITF Romania F20 Men Doubles","ITF Men"
"ITF France F31, Men Singles","ITF Men"
"ITF France F31, Men Doubles","ITF Men"
"ITF Paraguay F2 Men Singles","ITF Men"
"ITF Paraguay F2 Men Doubles","ITF Men"
"ITF Portugal F23, Men Singles","ITF Men"
"ITF Portugal F23 Men Doubles","ITF Men"
"ITF France F29, Men Singles","ITF Men"
"ITF France F29, Men Doubles","ITF Men"
"ITF Croatia F12, Men Singles","ITF Men"
"ITF Croatia F12, Men Doubles","ITF Men"
"ITF Spain F46, Men Singles","ITF Men"
"ITF Spain F46, Men Doubles","ITF Men"
"ITF Armenia F1, Men Singles","ITF Men"
"ITF Armenia F1, Men Doubles","ITF Men"
"ITF France F30, Men Singles","ITF Men"
"ITF France F30, Men Doubles","ITF Men"
"ITF Turkiye F38, Men Singles","ITF Men"
"ITF Turkiye F38, Men Doubles","ITF Men"
"ITF Armenia F2, Men Singles","ITF Men"
"ITF Armenia F2, Men Doubles","ITF Men"
"ITF Japan F9, Men Singles","ITF Men"
"ITF Japan F9, Men Doubles","ITF Men"
"ITF Japan F13, Men Doubles","ITF Men"
"ITF Japan F13, Men Singles","ITF Men"
"ITF Spain F44, Men Singles","ITF Men"
"ITF Spain F44, Men Doubles","ITF Men"
"ITF Guatemala F2, Men Singles","ITF Men"
"ITF Guatemala F2, Men Doubles","ITF Men"
"ITF Brazil F10, Men Singles","ITF Men"
"ITF Brazil F10, Men Doubles","ITF Men"
"ITF Brazil F11, Men Singles","ITF Men"
"ITF Brazil F11, Men Doubles","ITF Men"
"ITF Portugal F24, Men Singles","ITF Men"
"ITF Portugal F24, Men Doubles","ITF Men"
"ITF Spain F45, Men Singles","ITF Men"
"ITF Spain F45, Men Doubles","ITF Men"
"ITF Turkiye F30, Men Singles","ITF Men"
"ITF Turkiye F30, Men Doubles","ITF Men"
"ITF Italy F37, Men Singles","ITF Men"
"ITF Italy F37, Men Doubles","ITF Men"
"ITF Portugal F25, Men Singles","ITF Men"
"ITF Portugal F25, Men Doubles","ITF Men"
"ITF Spain F47, Men Singles","ITF Men"
"ITF Spain F47, Men Doubles","ITF Men"
"ITF Angola F1, Men Singles","ITF Men"
"ITF Angola F1, Men Doubles","ITF Men"
"ITF Turkiye F31, Men Singles","ITF Men"
"ITF Turkiye F31, Men Doubles","ITF Men"
"ITF Turkiye F32, Men Singles","ITF Men"
"ITF Turkiye F32, Men Doubles","ITF Men"
"ITF Tunisia F64, Men Singles","ITF Men"
"ITF Tunisia F64, Men Doubles","ITF Men"
"ITF Spain F48, Men Singles","ITF Men"
"ITF Spain F48, Men Doubles","ITF Men"
"ITF Angola F2, Men Singles","ITF Men"
"ITF Angola F2, Men Doubles","ITF Men"
"ITF Chile F4, Men Doubles","ITF Men"
"ITF Chile F4, Men Singles","ITF Men"
"ITF South Africa F7, Men Singles","ITF Men"
"ITF South Africa F7, Men Doubles","ITF Men"
"ITF Spain F38, Men Singles","ITF Men"
"ITF Spain F38, Men Doubles","ITF Men"
